id_evento,usuario,area,hora,volumen_mb,carpetas_distintas,fuera_de_horario,pais,pais_inusual,clasificacion_forense
EV1073,vent04,ventas_campo,15.15,46.2,4,0,CR,0,normal
EV1049,vent07,ventas_campo,11.27,62.7,8,0,CR,0,normal
EV0205,cont08,contabilidad,12.43,39.1,5,0,CR,0,normal
EV0695,sopo11,soporte_de_equipos,14.01,154.4,16,0,CR,0,normal
EV1759,ti_i06,ti_infraestructura,3.38,346.1,34,1,CR,0,normal
EV0285,cont07,contabilidad,12.18,33.9,1,0,CR,0,normal
EV1867,ti_i02,ti_infraestructura,1.61,270.8,20,1,CR,0,normal
EV1927,ti_i05,ti_infraestructura,3.48,302.8,26,1,CR,0,normal
EV1887,ti_i02,ti_infraestructura,2.99,305.0,22,1,CR,0,normal
EV1725,ti_i04,ti_infraestructura,3.23,352.2,23,1,CR,0,normal
EV0869,sopo09,soporte_de_equipos,17.44,119.1,17,0,CR,0,normal
EV1892,ti_i05,ti_infraestructura,3.72,232.1,15,1,CR,0,normal
EV1783,ti_i03,ti_infraestructura,3.8,199.8,20,1,CR,0,normal
EV1704,ti_i04,ti_infraestructura,2.11,246.4,33,1,CR,0,normal
EV0803,sopo04,soporte_de_equipos,6.39,170.3,18,1,CR,0,normal
EV1303,vent09,ventas_campo,17.0,55.7,9,0,CR,0,normal
EV1275,vent06,ventas_campo,18.52,41.9,5,0,CR,0,normal
EV1038,vent05,ventas_campo,11.32,68.1,3,0,CR,0,normal
EV0596,sopo05,soporte_de_equipos,12.92,116.1,17,0,CR,0,normal
EV1913,ti_i03,ti_infraestructura,4.27,315.7,26,1,CR,0,normal
EV1825,ti_i05,ti_infraestructura,1.48,352.0,28,1,CR,0,normal
EV1029,vent02,ventas_campo,20.85,83.2,9,1,CR,0,normal
EV0351,cont02,contabilidad,8.6,38.0,4,0,CR,0,normal
EV1090,vent10,ventas_campo,8.5,97.0,4,0,PA,0,normal
EV0003,cont14,contabilidad,8.38,57.9,4,0,CR,0,normal
EV1076,vent09,ventas_campo,19.89,40.5,6,1,CR,0,normal
EV1505,lega05,legal,12.1,20.7,4,0,CR,0,normal
EV0111,cont06,contabilidad,12.79,34.6,6,0,CR,0,normal
EV1063,vent04,ventas_campo,12.47,60.6,10,0,CR,0,normal
EV0109,cont03,contabilidad,9.59,32.6,2,0,CR,0,normal
EV0919,sopo06,soporte_de_equipos,19.16,108.2,12,1,CR,0,normal
EV0501,cont11,contabilidad,10.23,26.2,4,0,CR,0,normal
EV0362,cont11,contabilidad,10.65,58.4,5,0,CR,0,normal
EV1548,lega01,legal,12.56,21.3,1,0,CR,0,normal
EV1282,vent01,ventas_campo,10.43,48.5,1,0,CR,0,normal
EV1159,vent03,ventas_campo,15.26,72.4,5,0,CR,0,normal
EV1328,vent06,ventas_campo,17.86,82.6,4,0,CR,0,normal
EV0197,cont09,contabilidad,10.4,48.6,5,0,CR,0,normal
EV1818,ti_i05,ti_infraestructura,0.28,432.8,30,1,CR,0,normal
EV0238,cont02,contabilidad,11.24,29.0,4,0,CR,0,normal
EV0789,sopo03,soporte_de_equipos,18.46,65.1,10,0,CR,0,normal
EV0721,sopo11,soporte_de_equipos,10.6,48.9,12,0,CR,0,normal
EV1296,vent06,ventas_campo,12.42,28.5,6,0,CR,0,normal
EV1410,lega07,legal,12.84,15.1,4,0,CR,0,normal
EV1705,ti_i03,ti_infraestructura,3.41,449.5,32,1,CR,0,normal
EV0545,sopo04,soporte_de_equipos,22.17,125.8,16,1,CR,0,normal
EV1261,vent04,ventas_campo,13.24,56.8,9,0,CR,0,normal
EV1885,ti_i03,ti_infraestructura,2.82,347.2,32,1,CR,0,normal
EV1307,vent01,ventas_campo,17.7,49.2,5,0,CR,0,normal
EV0846,sopo04,soporte_de_equipos,16.15,79.0,12,0,CR,0,normal
EV0842,sopo06,soporte_de_equipos,10.64,115.0,16,0,CR,0,normal
EV1318,vent01,ventas_campo,18.0,61.9,9,0,CR,0,normal
EV1546,lega06,legal,10.26,23.3,3,0,CR,0,normal
EV1648,lega07,legal,10.71,14.4,5,0,CR,0,normal
EV1734,ti_i01,ti_infraestructura,1.69,365.2,22,1,CR,0,normal
EV1057,vent05,ventas_campo,14.46,59.9,10,0,CR,0,normal
EV1794,ti_i04,ti_infraestructura,1.16,206.2,24,1,CR,0,normal
EV0173,cont12,contabilidad,8.66,25.7,2,0,CR,0,normal
EV1788,ti_i03,ti_infraestructura,2.92,329.5,30,1,CR,0,normal
EV0836,sopo11,soporte_de_equipos,15.02,99.0,15,0,CR,0,normal
EV0442,cont11,contabilidad,9.77,36.1,4,0,CR,0,normal
EV1555,lega03,legal,11.63,17.0,3,0,CR,0,normal
EV1376,lega04,legal,10.51,7.4,3,0,CR,0,normal
EV0790,sopo09,soporte_de_equipos,13.48,82.8,16,0,CR,0,normal
EV0186,cont03,contabilidad,11.5,21.1,1,0,CR,0,normal
EV0439,cont04,contabilidad,9.51,41.3,4,0,CR,0,normal
EV0373,cont10,contabilidad,9.03,52.4,4,0,CR,0,normal
EV0141,cont01,contabilidad,10.67,45.6,3,0,CR,0,normal
EV1278,vent06,ventas_campo,14.27,71.9,7,0,NI,0,normal
EV1397,lega02,legal,9.46,7.7,4,0,CR,0,normal
EV1470,lega05,legal,11.67,36.4,3,0,CR,0,normal
EV0587,sopo01,soporte_de_equipos,10.17,154.7,9,0,CR,0,normal
EV0849,sopo06,soporte_de_equipos,12.98,137.1,11,0,CR,0,normal
EV0300,cont14,contabilidad,7.39,39.3,6,0,CR,0,normal
EV0796,sopo08,soporte_de_equipos,14.89,106.5,10,0,CR,0,normal
EV1413,lega02,legal,9.96,29.8,3,0,CR,0,normal
EV0354,cont09,contabilidad,8.95,32.0,6,0,CR,0,normal
EV1071,vent01,ventas_campo,15.03,69.9,6,0,CR,0,normal
EV1465,lega02,legal,11.81,11.4,3,0,CR,0,normal
EV1687,ti_i02,ti_infraestructura,5.5,238.3,30,1,CR,0,normal
EV1845,ti_i01,ti_infraestructura,3.38,251.1,28,1,CR,0,normal
EV0958,vent01,ventas_campo,17.17,72.1,3,0,NI,0,normal
EV1535,lega06,legal,10.69,28.4,4,0,CR,0,normal
EV1683,ti_i06,ti_infraestructura,3.98,400.2,26,1,CR,0,normal
EV0716,sopo07,soporte_de_equipos,14.08,148.6,13,0,CR,0,normal
EV1433,lega03,legal,12.35,27.8,2,0,CR,0,normal
EV0424,cont13,contabilidad,11.63,32.0,4,0,CR,0,normal
EV0312,cont02,contabilidad,7.85,33.0,1,0,CR,0,normal
EV1324,vent06,ventas_campo,10.98,81.5,5,0,CR,0,normal
EV1382,lega06,legal,10.03,20.8,3,0,CR,0,normal
EV1681,ti_i05,ti_infraestructura,4.52,299.4,20,1,CR,0,normal
EV0038,cont06,contabilidad,11.61,28.5,5,0,CR,0,normal
EV0528,sopo11,soporte_de_equipos,13.11,181.5,17,0,CR,0,normal
EV0692,sopo09,soporte_de_equipos,23.9,130.8,10,1,CR,0,normal
EV1241,vent12,ventas_campo,19.18,77.4,7,1,CR,0,normal
EV0708,sopo06,soporte_de_equipos,16.64,55.2,8,0,CR,0,normal
EV0059,cont12,contabilidad,8.87,58.7,4,0,CR,0,normal
EV1497,lega04,legal,9.82,18.4,3,0,CR,0,normal
EV1211,vent08,ventas_campo,9.91,74.0,7,0,CR,0,normal
EV0128,cont02,contabilidad,9.17,37.3,5,0,CR,0,normal
EV0448,cont09,contabilidad,8.95,34.5,2,0,CR,0,normal
EV0398,cont08,contabilidad,10.77,33.8,7,0,CR,0,normal
EV0230,cont02,contabilidad,12.69,38.2,3,0,CR,0,normal
EV1837,ti_i04,ti_infraestructura,5.4,282.7,30,1,CR,0,normal
EV0035,cont11,contabilidad,7.94,47.0,2,0,CR,0,normal
EV0971,vent02,ventas_campo,9.25,91.4,5,0,CR,0,normal
EV1486,lega05,legal,9.91,27.4,2,0,CR,0,normal
EV1151,vent05,ventas_campo,14.64,49.1,5,0,CR,0,normal
EV1806,ti_i05,ti_infraestructura,4.57,303.0,22,1,CR,0,normal
EV0749,sopo08,soporte_de_equipos,12.06,122.6,13,0,CR,0,normal
EV1921,ti_i04,ti_infraestructura,0.0,282.0,23,1,CR,0,normal
EV0591,sopo08,soporte_de_equipos,9.6,128.8,13,0,CR,0,normal
EV0858,sopo08,soporte_de_equipos,21.14,116.1,8,1,CR,0,normal
EV0411,cont09,contabilidad,11.01,47.2,4,0,CR,0,normal
EV1107,vent07,ventas_campo,14.45,51.0,4,0,NI,0,normal
EV1785,ti_i06,ti_infraestructura,2.85,401.4,25,1,CR,0,normal
EV1400,lega04,legal,11.7,15.2,4,0,CR,0,normal
EV0929,sopo08,soporte_de_equipos,19.02,118.5,8,1,CR,0,normal
EV0008,cont12,contabilidad,8.85,51.9,4,0,CR,0,normal
EV0722,sopo07,soporte_de_equipos,21.67,147.0,14,1,CR,0,normal
EV1442,lega07,legal,10.43,22.4,3,0,CR,0,normal
EV1936,ti_i02,ti_infraestructura,3.18,439.7,30,1,CR,0,normal
EV0972,vent07,ventas_campo,12.31,84.0,4,0,CR,0,normal
EV1445,lega07,legal,11.43,11.7,4,0,CR,0,normal
EV0573,sopo04,soporte_de_equipos,9.19,120.0,14,0,CR,0,normal
EV1952,ti_i05,ti_infraestructura,3.84,357.9,28,1,CR,0,normal
EV1815,ti_i02,ti_infraestructura,0.16,284.9,25,1,CR,0,normal
EV1421,lega07,legal,12.15,17.6,1,0,CR,0,normal
EV1577,lega07,legal,14.53,16.2,5,0,CR,0,normal
EV0021,cont10,contabilidad,11.48,46.0,4,0,CR,0,normal
EV0453,cont06,contabilidad,9.68,30.4,4,0,CR,0,normal
EV0376,cont08,contabilidad,10.23,21.3,3,0,CR,0,normal
EV1045,vent02,ventas_campo,13.21,73.0,5,0,PA,0,normal
EV1853,ti_i04,ti_infraestructura,5.75,327.8,33,1,CR,0,normal
EV0893,sopo06,soporte_de_equipos,9.51,97.1,11,0,CR,0,normal
EV1878,ti_i03,ti_infraestructura,1.8,244.1,32,1,CR,0,normal
EV0471,cont13,contabilidad,8.39,47.9,2,0,CR,0,normal
EV0926,sopo10,soporte_de_equipos,19.53,115.5,19,1,CR,0,normal
EV0984,vent11,ventas_campo,7.76,42.5,7,0,CR,0,normal
EV1854,ti_i01,ti_infraestructura,0.11,396.3,21,1,CR,0,normal
EV0361,cont05,contabilidad,10.69,34.7,4,0,CR,0,normal
EV0798,sopo01,soporte_de_equipos,11.47,117.1,7,0,CR,0,normal
EV1391,lega02,legal,12.65,31.7,3,0,CR,0,normal
EV0480,cont04,contabilidad,11.49,41.1,6,0,CR,0,normal
EV1572,lega02,legal,11.98,16.0,3,0,CR,0,normal
EV0739,sopo04,soporte_de_equipos,14.51,186.0,5,0,CR,0,normal
EV1999,lega05,legal,23.1,165.0,26,1,NG,1,incidente_confirmado
EV1595,lega05,legal,8.58,26.6,4,0,CR,0,normal
EV1196,vent12,ventas_campo,16.48,74.1,8,0,GT,0,normal
EV0263,cont06,contabilidad,8.03,31.6,4,0,CR,0,normal
EV0242,cont07,contabilidad,9.63,37.5,5,0,CR,0,normal
EV1364,lega03,legal,10.48,20.2,4,0,CR,0,normal
EV1351,lega04,legal,10.53,26.6,3,0,CR,0,normal
EV1065,vent07,ventas_campo,19.23,86.1,7,1,CR,0,normal
EV0654,sopo09,soporte_de_equipos,6.74,79.0,10,1,CR,0,normal
EV1742,ti_i03,ti_infraestructura,0.11,279.8,15,1,CR,0,normal
EV0052,cont04,contabilidad,10.31,46.1,5,0,CR,0,normal
EV0037,cont12,contabilidad,11.17,35.2,3,0,CR,0,normal
EV0621,sopo08,soporte_de_equipos,12.09,99.3,9,0,CR,0,normal
EV1272,vent05,ventas_campo,10.82,48.8,6,0,GT,0,normal
EV1758,ti_i02,ti_infraestructura,4.59,366.3,29,1,CR,0,normal
EV0863,sopo02,soporte_de_equipos,15.62,125.0,9,0,CR,0,normal
EV0639,sopo11,soporte_de_equipos,19.75,151.6,13,1,CR,0,normal
EV1637,lega06,legal,12.39,12.4,3,0,CR,0,normal
EV1117,vent01,ventas_campo,10.8,85.0,4,0,CR,0,normal
EV0736,sopo10,soporte_de_equipos,11.39,165.2,11,0,CR,0,normal
EV0207,cont03,contabilidad,7.72,33.3,4,0,CR,0,normal
EV1309,vent02,ventas_campo,14.71,98.1,1,0,CR,0,normal
EV1888,ti_i01,ti_infraestructura,1.94,423.2,21,1,CR,0,normal
EV0946,sopo05,soporte_de_equipos,9.57,110.6,17,0,CR,0,normal
EV1232,vent03,ventas_campo,18.71,50.5,2,0,NI,0,normal
EV0748,sopo10,soporte_de_equipos,23.35,93.5,16,1,CR,0,normal
EV0922,sopo07,soporte_de_equipos,15.24,97.1,18,0,CR,0,normal
EV1706,ti_i02,ti_infraestructura,4.63,350.2,21,1,CR,0,normal
EV0147,cont13,contabilidad,8.46,31.8,6,0,CR,0,normal
EV0279,cont01,contabilidad,11.22,32.0,6,0,CR,0,normal
EV0431,cont06,contabilidad,9.89,26.0,4,0,CR,0,normal
EV0624,sopo01,soporte_de_equipos,21.72,157.9,16,1,CR,0,normal
EV0378,cont14,contabilidad,8.33,42.1,5,0,CR,0,normal
EV1843,ti_i06,ti_infraestructura,3.91,221.2,29,1,CR,0,normal
EV0745,sopo06,soporte_de_equipos,23.42,80.3,14,1,CR,0,normal
EV0375,cont06,contabilidad,7.99,25.7,6,0,CR,0,normal
EV0368,cont01,contabilidad,8.32,20.5,4,0,CR,0,normal
EV0817,sopo05,soporte_de_equipos,12.25,74.7,9,0,CR,0,normal
EV1906,ti_i01,ti_infraestructura,1.03,305.0,19,1,CR,0,normal
EV0260,cont11,contabilidad,10.63,35.8,2,0,CR,0,normal
EV1623,lega01,legal,8.26,14.9,2,0,CR,0,normal
EV1527,lega07,legal,11.67,14.6,5,0,CR,0,normal
EV1437,lega07,legal,10.45,23.2,3,0,CR,0,normal
EV0876,sopo04,soporte_de_equipos,14.91,159.9,14,0,CR,0,normal
EV1140,vent09,ventas_campo,16.7,122.2,7,0,NI,0,normal
EV1833,ti_i06,ti_infraestructura,1.18,379.4,36,1,CR,0,normal
EV0652,sopo10,soporte_de_equipos,21.04,106.8,10,1,CR,0,normal
EV1840,ti_i02,ti_infraestructura,2.37,335.1,20,1,CR,0,normal
EV0218,cont05,contabilidad,12.71,35.1,3,0,CR,0,normal
EV1945,ti_i04,ti_infraestructura,4.94,284.7,35,1,CR,0,normal
EV0142,cont13,contabilidad,12.93,24.0,4,0,CR,0,normal
EV0340,cont02,contabilidad,8.72,40.5,4,0,CR,0,normal
EV1110,vent05,ventas_campo,13.57,34.4,4,0,CR,0,normal
EV1966,svc_respaldo,ti_infraestructura,3.31,936.5,67,1,CR,0,respaldo_programado
EV0314,cont07,contabilidad,9.32,31.8,5,0,CR,0,normal
EV1119,vent03,ventas_campo,12.56,98.2,8,0,PA,0,normal
EV0529,sopo04,soporte_de_equipos,9.04,101.1,8,0,CR,0,normal
EV0345,cont14,contabilidad,8.49,27.0,4,0,CR,0,normal
EV0998,vent07,ventas_campo,16.25,65.2,2,0,NI,0,normal
EV0873,sopo01,soporte_de_equipos,15.12,171.4,8,0,CR,0,normal
EV1828,ti_i05,ti_infraestructura,3.13,331.7,21,1,CR,0,normal
EV1914,ti_i03,ti_infraestructura,4.68,347.2,26,1,CR,0,normal
EV1588,lega01,legal,10.32,20.7,4,0,CR,0,normal
EV1129,vent07,ventas_campo,15.14,52.3,8,0,CR,0,normal
EV0667,sopo03,soporte_de_equipos,6.18,132.6,13,1,CR,0,normal
EV1277,vent04,ventas_campo,17.49,77.4,7,0,NI,0,normal
EV1011,vent01,ventas_campo,10.94,82.7,8,0,GT,0,normal
EV0451,cont05,contabilidad,10.75,39.4,5,0,CR,0,normal
EV0180,cont09,contabilidad,10.91,39.3,4,0,CR,0,normal
EV1485,lega03,legal,10.25,27.5,3,0,CR,0,normal
EV0455,cont10,contabilidad,9.23,25.6,3,0,CR,0,normal
EV1079,vent03,ventas_campo,17.56,42.7,10,0,GT,0,normal
EV0636,sopo04,soporte_de_equipos,14.92,143.6,11,0,CR,0,normal
EV0329,cont09,contabilidad,9.46,48.4,3,0,CR,0,normal
EV0735,sopo02,soporte_de_equipos,9.42,88.2,17,0,CR,0,normal
EV0579,sopo06,soporte_de_equipos,10.75,127.1,17,0,CR,0,normal
EV1123,vent08,ventas_campo,12.32,43.8,8,0,CR,0,normal
EV1707,ti_i02,ti_infraestructura,2.94,402.5,7,1,CR,0,normal
EV1654,lega06,legal,12.02,35.3,3,0,CR,0,normal
EV1576,lega08,legal,10.68,38.6,2,0,CR,0,normal
EV0072,cont04,contabilidad,10.62,40.6,1,0,CR,0,normal
EV0563,sopo04,soporte_de_equipos,10.98,119.3,11,0,CR,0,normal
EV0766,sopo04,soporte_de_equipos,13.9,159.4,16,0,CR,0,normal
EV0393,cont13,contabilidad,8.05,39.0,4,0,CR,0,normal
EV0475,cont02,contabilidad,12.2,55.5,7,0,CR,0,normal
EV0427,cont01,contabilidad,11.62,34.6,2,0,CR,0,normal
EV1875,ti_i05,ti_infraestructura,5.41,278.5,20,1,CR,0,normal
EV1462,lega01,legal,10.42,17.1,3,0,CR,0,normal
EV0201,cont03,contabilidad,8.66,30.8,6,0,CR,0,normal
EV0566,sopo09,soporte_de_equipos,12.74,77.2,15,0,CR,0,normal
EV1252,vent05,ventas_campo,15.09,50.9,8,0,PA,0,normal
EV1114,vent08,ventas_campo,20.35,63.2,7,1,CR,0,normal
EV0309,cont14,contabilidad,10.47,26.1,4,0,CR,0,normal
EV1262,vent09,ventas_campo,13.49,92.2,8,0,NI,0,normal
EV1381,lega05,legal,9.02,1.7,3,0,CR,0,normal
EV1691,ti_i06,ti_infraestructura,4.08,451.4,19,1,CR,0,normal
EV0801,sopo05,soporte_de_equipos,21.23,118.4,20,1,CR,0,normal
EV0604,sopo06,soporte_de_equipos,16.32,134.9,9,0,CR,0,normal
EV0770,sopo10,soporte_de_equipos,19.21,74.4,13,1,CR,0,normal
EV1629,lega03,legal,12.61,33.1,1,0,CR,0,normal
EV0117,cont05,contabilidad,8.92,14.8,2,0,CR,0,normal
EV1227,vent02,ventas_campo,11.76,48.6,5,0,GT,0,normal
EV0299,cont07,contabilidad,9.92,35.3,5,0,CR,0,normal
EV1661,ti_i06,ti_infraestructura,1.05,398.1,22,1,CR,0,normal
EV0502,cont02,contabilidad,8.65,21.7,2,0,CR,0,normal
EV1991,svc_respaldo,ti_infraestructura,2.03,862.6,76,1,CR,0,respaldo_programado
EV1160,vent05,ventas_campo,15.61,43.9,6,0,CR,0,normal
EV0005,cont06,contabilidad,10.98,27.8,3,0,CR,0,normal
EV1187,vent07,ventas_campo,10.96,74.7,8,0,CR,0,normal
EV0508,cont13,contabilidad,6.98,30.6,3,1,CR,0,normal
EV0047,cont01,contabilidad,9.17,46.7,6,0,CR,0,normal
EV1998,vent07,ventas_campo,2.3,195.0,31,1,RU,1,incidente_confirmado
EV1270,vent06,ventas_campo,13.67,55.4,7,0,GT,0,normal
EV1826,ti_i06,ti_infraestructura,2.01,223.8,35,1,CR,0,normal
EV0432,cont01,contabilidad,10.08,49.7,3,0,CR,0,normal
EV1023,vent08,ventas_campo,9.11,94.0,4,0,NI,0,normal
EV0331,cont14,contabilidad,13.08,21.2,7,0,CR,0,normal
EV1600,lega05,legal,12.08,25.5,4,0,CR,0,normal
EV1402,lega08,legal,10.72,22.9,3,0,CR,0,normal
EV0594,sopo01,soporte_de_equipos,7.47,108.7,11,0,CR,0,normal
EV0562,sopo09,soporte_de_equipos,21.23,71.3,7,1,CR,0,normal
EV1589,lega08,legal,9.55,28.1,3,0,CR,0,normal
EV0195,cont10,contabilidad,9.8,42.1,3,0,CR,0,normal
EV1958,ti_i05,ti_infraestructura,3.59,319.5,23,1,CR,0,normal
EV1216,vent01,ventas_campo,17.27,59.5,3,0,GT,0,normal
EV1492,lega07,legal,10.73,12.7,2,0,CR,0,normal
EV0352,cont09,contabilidad,7.98,33.0,6,0,CR,0,normal
EV1012,vent08,ventas_campo,10.71,44.6,8,0,PA,0,normal
EV0464,cont03,contabilidad,11.03,47.6,1,0,CR,0,normal
EV1782,ti_i06,ti_infraestructura,3.55,342.9,24,1,CR,0,normal
EV0466,cont06,contabilidad,9.08,45.4,1,0,CR,0,normal
EV1043,vent01,ventas_campo,17.47,36.7,5,0,NI,0,normal
EV0342,cont09,contabilidad,11.23,52.1,2,0,CR,0,normal
EV1797,ti_i02,ti_infraestructura,2.84,189.5,27,1,CR,0,normal
EV0397,cont05,contabilidad,11.93,50.0,5,0,CR,0,normal
EV0110,cont08,contabilidad,9.82,18.3,8,0,CR,0,normal
EV1341,lega01,legal,12.91,3.5,1,0,CR,0,normal
EV1578,lega03,legal,12.64,25.2,3,0,CR,0,normal
EV1730,ti_i02,ti_infraestructura,1.98,284.3,24,1,CR,0,normal
EV1337,lega06,legal,11.85,21.6,4,0,CR,0,normal
EV0541,sopo07,soporte_de_equipos,15.52,74.8,13,0,CR,0,normal
EV0472,cont05,contabilidad,11.23,26.4,4,0,CR,0,normal
EV1242,vent05,ventas_campo,12.36,67.0,7,0,CR,0,normal
EV0096,cont04,contabilidad,8.95,37.2,5,0,CR,0,normal
EV1639,lega03,legal,10.94,30.8,2,0,CR,0,normal
EV1510,lega03,legal,12.17,35.6,1,0,CR,0,normal
EV0020,cont11,contabilidad,10.9,26.7,4,0,CR,0,normal
EV0664,sopo04,soporte_de_equipos,13.18,121.7,17,0,CR,0,normal
EV1831,ti_i03,ti_infraestructura,0.0,359.4,22,1,CR,0,normal
EV1929,ti_i06,ti_infraestructura,1.28,284.8,20,1,CR,0,normal
EV1125,vent02,ventas_campo,11.74,70.2,7,0,CR,0,normal
EV1258,vent02,ventas_campo,12.33,88.6,4,0,CR,0,normal
EV0341,cont11,contabilidad,9.33,45.1,5,0,CR,0,normal
EV1602,lega07,legal,11.05,30.9,2,0,CR,0,normal
EV0948,sopo11,soporte_de_equipos,20.14,116.2,13,1,CR,0,normal
EV1590,lega07,legal,13.18,16.0,4,0,CR,0,normal
EV0223,cont10,contabilidad,8.43,41.0,4,0,CR,0,normal
EV1078,vent01,ventas_campo,19.3,50.8,7,1,PA,0,normal
EV0670,sopo09,soporte_de_equipos,14.65,120.3,12,0,CR,0,normal
EV1039,vent02,ventas_campo,16.41,61.7,2,0,CR,0,normal
EV0685,sopo06,soporte_de_equipos,23.9,84.5,13,1,CR,0,normal
EV0112,cont03,contabilidad,11.41,44.5,2,0,CR,0,normal
EV1530,lega01,legal,12.05,9.9,3,0,CR,0,normal
EV0413,cont12,contabilidad,11.34,49.6,7,0,CR,0,normal
EV0359,cont01,contabilidad,10.02,31.4,5,0,CR,0,normal
EV0288,cont09,contabilidad,8.92,25.7,2,0,CR,0,normal
EV1305,vent04,ventas_campo,14.02,101.2,4,0,CR,0,normal
EV0888,sopo09,soporte_de_equipos,14.25,121.0,11,0,CR,0,normal
EV0489,cont09,contabilidad,8.38,32.4,6,0,CR,0,normal
EV0420,cont06,contabilidad,12.36,43.2,3,0,CR,0,normal
EV0416,cont10,contabilidad,10.72,42.1,6,0,CR,0,normal
EV1383,lega01,legal,11.96,15.9,5,0,CR,0,normal
EV1846,ti_i03,ti_infraestructura,2.87,313.0,19,1,CR,0,normal
EV0747,sopo10,soporte_de_equipos,12.46,156.4,10,0,CR,0,normal
EV1821,ti_i02,ti_infraestructura,4.54,286.7,28,1,CR,0,normal
EV0018,cont08,contabilidad,12.68,34.2,2,0,CR,0,normal
EV1500,lega08,legal,10.68,21.2,2,0,CR,0,normal
EV1931,ti_i06,ti_infraestructura,3.68,288.8,22,1,CR,0,normal
EV1895,ti_i05,ti_infraestructura,6.58,272.9,27,1,CR,0,normal
EV0899,sopo05,soporte_de_equipos,4.08,156.8,11,1,CR,0,normal
EV0515,cont09,contabilidad,8.16,31.4,4,0,CR,0,normal
EV0526,sopo08,soporte_de_equipos,10.35,168.5,15,0,CR,0,normal
EV1610,lega02,legal,10.7,17.7,2,0,CR,0,normal
EV0055,cont05,contabilidad,10.32,18.8,4,0,CR,0,normal
EV0264,cont12,contabilidad,13.4,22.7,3,0,CR,0,normal
EV0102,cont02,contabilidad,9.45,33.9,1,0,CR,0,normal
EV0276,cont04,contabilidad,10.53,33.7,3,0,CR,0,normal
EV0859,sopo03,soporte_de_equipos,16.09,95.7,9,0,CR,0,normal
EV0952,vent12,ventas_campo,13.81,46.3,8,0,CR,0,normal
EV0250,cont11,contabilidad,10.12,28.1,6,0,CR,0,normal
EV0968,vent11,ventas_campo,15.95,68.0,5,0,CR,0,normal
EV1418,lega04,legal,10.28,14.8,4,0,CR,0,normal
EV0387,cont03,contabilidad,8.86,21.8,5,0,CR,0,normal
EV0557,sopo10,soporte_de_equipos,5.26,107.7,10,1,CR,0,normal
EV1396,lega02,legal,12.07,13.2,3,0,CR,0,normal
EV1050,vent08,ventas_campo,23.9,60.6,5,1,PA,0,normal
EV1753,ti_i05,ti_infraestructura,2.41,315.2,27,1,CR,0,normal
EV1344,lega05,legal,10.84,27.2,3,0,CR,0,normal
EV0061,cont03,contabilidad,10.16,41.7,2,0,CR,0,normal
EV0364,cont02,contabilidad,11.03,36.5,3,0,CR,0,normal
EV1184,vent02,ventas_campo,15.18,43.3,8,0,CR,0,normal
EV1660,lega05,legal,11.79,22.1,2,0,CR,0,normal
EV0211,cont01,contabilidad,12.1,20.3,5,0,CR,0,normal
EV0282,cont11,contabilidad,10.33,31.6,5,0,CR,0,normal
EV1415,lega01,legal,9.52,18.2,4,0,CR,0,normal
EV0638,sopo09,soporte_de_equipos,11.06,114.1,13,0,CR,0,normal
EV0518,cont06,contabilidad,12.83,45.1,3,0,CR,0,normal
EV1294,vent02,ventas_campo,13.82,18.7,7,0,GT,0,normal
EV1228,vent06,ventas_campo,15.0,57.9,11,0,CR,0,normal
EV1009,vent12,ventas_campo,14.75,75.4,4,0,CR,0,normal
EV1325,vent12,ventas_campo,18.22,49.8,6,0,CR,0,normal
EV1670,ti_i03,ti_infraestructura,1.78,402.5,21,1,CR,0,normal
EV0325,cont12,contabilidad,10.79,26.7,4,0,CR,0,normal
EV0505,cont14,contabilidad,9.25,24.7,5,0,CR,0,normal
EV1688,ti_i01,ti_infraestructura,4.46,325.7,26,1,CR,0,normal
EV0029,cont12,contabilidad,10.23,56.5,3,0,CR,0,normal
EV1624,lega01,legal,10.32,28.9,3,0,CR,0,normal
EV0588,sopo01,soporte_de_equipos,2.23,124.2,12,1,CR,0,normal
EV1193,vent01,ventas_campo,9.97,93.6,6,0,CR,0,normal
EV0729,sopo03,soporte_de_equipos,11.12,156.5,13,0,CR,0,normal
EV1778,ti_i01,ti_infraestructura,0.0,262.6,32,1,CR,0,normal
EV0225,cont05,contabilidad,8.45,38.6,7,0,CR,0,normal
EV1855,ti_i04,ti_infraestructura,4.05,364.3,18,1,CR,0,normal
EV1174,vent02,ventas_campo,15.44,94.0,6,0,NI,0,normal
EV0821,sopo07,soporte_de_equipos,13.81,143.8,11,0,CR,0,normal
EV0857,sopo04,soporte_de_equipos,10.21,94.7,14,0,CR,0,normal
EV1733,ti_i06,ti_infraestructura,4.15,383.0,25,1,CR,0,normal
EV1472,lega02,legal,13.73,13.8,5,0,CR,0,normal
EV1748,ti_i01,ti_infraestructura,1.01,399.2,25,1,CR,0,normal
EV1842,ti_i02,ti_infraestructura,2.61,327.1,29,1,CR,0,normal
EV1800,ti_i04,ti_infraestructura,3.8,287.3,21,1,CR,0,normal
EV1994,svc_respaldo,ti_infraestructura,1.73,780.4,69,1,CR,0,respaldo_programado
EV0861,sopo10,soporte_de_equipos,15.81,118.5,13,0,CR,0,normal
EV0152,cont09,contabilidad,12.65,48.0,4,0,CR,0,normal
EV0216,cont08,contabilidad,8.49,41.7,8,0,CR,0,normal
EV0099,cont07,contabilidad,11.8,41.0,3,0,CR,0,normal
EV0493,cont06,contabilidad,9.22,35.0,2,0,CR,0,normal
EV1085,vent06,ventas_campo,16.45,99.5,7,0,CR,0,normal
EV1380,lega02,legal,11.59,15.2,3,0,CR,0,normal
EV1287,vent06,ventas_campo,17.84,46.1,7,0,NI,0,normal
EV1471,lega05,legal,9.62,10.7,3,0,CR,0,normal
EV0013,cont08,contabilidad,10.3,53.4,3,0,CR,0,normal
EV0689,sopo05,soporte_de_equipos,22.95,79.8,11,1,CR,0,normal
EV1720,ti_i03,ti_infraestructura,0.76,330.7,19,1,CR,0,normal
EV0168,cont05,contabilidad,9.43,26.0,5,0,CR,0,normal
EV0759,sopo05,soporte_de_equipos,15.04,63.9,6,0,CR,0,normal
EV1889,ti_i05,ti_infraestructura,2.2,297.4,25,1,CR,0,normal
EV0189,cont09,contabilidad,11.0,43.2,2,0,CR,0,normal
EV1804,ti_i06,ti_infraestructura,4.05,336.5,27,1,CR,0,normal
EV0044,cont09,contabilidad,10.48,37.4,4,0,CR,0,normal
EV1091,vent11,ventas_campo,11.21,81.8,8,0,CR,0,normal
EV0010,cont06,contabilidad,7.39,33.4,3,0,CR,0,normal
EV1339,lega03,legal,11.53,27.9,2,0,CR,0,normal
EV0148,cont09,contabilidad,11.13,62.4,5,0,CR,0,normal
EV1774,ti_i06,ti_infraestructura,5.37,213.5,18,1,CR,0,normal
EV0014,cont03,contabilidad,9.35,48.4,3,0,CR,0,normal
EV0390,cont14,contabilidad,10.9,33.2,5,0,CR,0,normal
EV0947,sopo04,soporte_de_equipos,16.65,118.6,19,0,CR,0,normal
EV0597,sopo11,soporte_de_equipos,17.54,99.6,13,0,CR,0,normal
EV1525,lega04,legal,12.2,18.0,4,0,CR,0,normal
EV1488,lega06,legal,11.64,16.5,4,0,CR,0,normal
EV1890,ti_i02,ti_infraestructura,3.42,199.9,23,1,CR,0,normal
EV0957,vent05,ventas_campo,9.64,25.3,7,0,CR,0,normal
EV1697,ti_i05,ti_infraestructura,2.94,279.5,27,1,CR,0,normal
EV1777,ti_i03,ti_infraestructura,3.14,342.7,32,1,CR,0,normal
EV0675,sopo09,soporte_de_equipos,5.85,137.2,10,1,CR,0,normal
EV0702,sopo10,soporte_de_equipos,14.59,166.6,14,0,CR,0,normal
EV1274,vent08,ventas_campo,13.15,83.2,7,0,CR,0,normal
EV1480,lega05,legal,10.34,26.6,5,0,CR,0,normal
EV1937,ti_i06,ti_infraestructura,0.21,165.0,30,1,CR,0,normal
EV0456,cont05,contabilidad,9.49,30.5,4,0,CR,0,normal
EV0928,sopo06,soporte_de_equipos,17.46,153.1,14,0,CR,0,normal
EV0684,sopo01,soporte_de_equipos,11.36,115.7,10,0,CR,0,normal
EV1158,vent05,ventas_campo,12.04,67.6,7,0,CR,0,normal
EV0507,cont12,contabilidad,10.27,29.0,3,0,CR,0,normal
EV0026,cont12,contabilidad,11.52,49.4,6,0,CR,0,normal
EV1204,vent11,ventas_campo,11.03,50.4,3,0,CR,0,normal
EV1454,lega06,legal,11.46,26.3,3,0,CR,0,normal
EV1153,vent02,ventas_campo,10.53,59.8,7,0,CR,0,normal
EV0831,sopo09,soporte_de_equipos,10.3,63.8,10,0,CR,0,normal
EV0116,cont02,contabilidad,8.8,45.8,5,0,CR,0,normal
EV0025,cont09,contabilidad,10.06,51.0,4,0,CR,0,normal
EV0371,cont06,contabilidad,10.05,30.2,4,0,CR,0,normal
EV1795,ti_i05,ti_infraestructura,5.16,316.6,30,1,CR,0,normal
EV0097,cont04,contabilidad,9.97,27.9,6,0,CR,0,normal
EV1436,lega04,legal,9.34,23.1,5,0,CR,0,normal
EV0954,vent03,ventas_campo,17.15,31.0,5,0,CR,0,normal
EV1444,lega03,legal,12.11,10.4,1,0,CR,0,normal
EV0100,cont02,contabilidad,8.5,34.5,7,0,CR,0,normal
EV1657,lega04,legal,11.48,18.7,3,0,CR,0,normal
EV1491,lega07,legal,11.66,32.7,3,0,CR,0,normal
EV1047,vent01,ventas_campo,15.48,82.3,9,0,NI,0,normal
EV0358,cont05,contabilidad,13.45,37.7,3,0,CR,0,normal
EV0944,sopo10,soporte_de_equipos,10.6,140.2,8,0,CR,0,normal
EV0572,sopo07,soporte_de_equipos,18.39,159.7,13,0,CR,0,normal
EV1819,ti_i02,ti_infraestructura,3.9,345.5,29,1,CR,0,normal
EV1138,vent05,ventas_campo,16.98,43.6,4,0,CR,0,normal
EV0780,sopo07,soporte_de_equipos,21.28,134.6,7,1,CR,0,normal
EV1209,vent12,ventas_campo,12.8,67.0,10,0,CR,0,normal
EV1762,ti_i03,ti_infraestructura,3.97,342.2,25,1,CR,0,normal
EV1699,ti_i03,ti_infraestructura,5.55,176.8,23,1,CR,0,normal
EV0271,cont13,contabilidad,12.42,40.4,6,0,CR,0,normal
EV0119,cont09,contabilidad,10.44,46.6,8,0,CR,0,normal
EV0118,cont06,contabilidad,7.39,34.8,3,0,CR,0,normal
EV1902,ti_i01,ti_infraestructura,5.4,329.0,16,1,CR,0,normal
EV1615,lega08,legal,10.97,11.6,3,0,CR,0,normal
EV1464,lega02,legal,9.52,7.2,3,0,CR,0,normal
EV0978,vent11,ventas_campo,8.28,71.3,7,0,CR,0,normal
EV0741,sopo04,soporte_de_equipos,17.8,88.9,14,0,CR,0,normal
EV1084,vent05,ventas_campo,14.24,77.4,6,0,NI,0,normal
EV0165,cont13,contabilidad,11.83,45.0,4,0,CR,0,normal
EV1257,vent11,ventas_campo,19.25,51.9,8,1,CR,0,normal
EV1484,lega01,legal,12.6,21.8,3,0,CR,0,normal
EV1791,ti_i06,ti_infraestructura,2.29,319.0,31,1,CR,0,normal
EV1584,lega05,legal,10.97,23.8,5,0,CR,0,normal
EV1593,lega04,legal,8.59,22.2,3,0,CR,0,normal
EV0143,cont14,contabilidad,9.86,36.7,2,0,CR,0,normal
EV0114,cont10,contabilidad,9.91,41.3,5,0,CR,0,normal
EV1188,vent09,ventas_campo,15.13,99.3,7,0,CR,0,normal
EV0379,cont04,contabilidad,10.44,29.6,5,0,CR,0,normal
EV0064,cont06,contabilidad,11.01,39.0,3,0,CR,0,normal
EV1377,lega01,legal,10.45,13.8,2,0,CR,0,normal
EV1512,lega05,legal,9.27,23.0,4,0,CR,0,normal
EV0187,cont04,contabilidad,8.37,50.7,4,0,CR,0,normal
EV1086,vent04,ventas_campo,9.47,51.1,5,0,CR,0,normal
EV1095,vent06,ventas_campo,16.01,75.7,4,0,NI,0,normal
EV1019,vent06,ventas_campo,12.35,78.7,4,0,CR,0,normal
EV0295,cont02,contabilidad,9.94,19.7,5,0,CR,0,normal
EV1233,vent10,ventas_campo,14.91,51.0,4,0,CR,0,normal
EV1739,ti_i02,ti_infraestructura,0.61,192.5,32,1,CR,0,normal
EV0287,cont10,contabilidad,12.61,33.2,3,0,CR,0,normal
EV1861,ti_i01,ti_infraestructura,2.23,385.6,21,1,CR,0,normal
EV1627,lega07,legal,9.72,25.7,3,0,CR,0,normal
EV0301,cont14,contabilidad,11.22,26.4,4,0,CR,0,normal
EV1974,svc_respaldo,ti_infraestructura,1.79,1095.1,77,1,CR,0,respaldo_programado
EV0316,cont12,contabilidad,10.44,37.0,4,0,CR,0,normal
EV0877,sopo03,soporte_de_equipos,20.26,57.0,14,1,CR,0,normal
EV0673,sopo09,soporte_de_equipos,19.56,154.2,13,1,CR,0,normal
EV0360,cont03,contabilidad,9.08,23.2,4,0,CR,0,normal
EV0131,cont02,contabilidad,8.38,27.6,4,0,CR,0,normal
EV0856,sopo07,soporte_de_equipos,12.87,139.3,9,0,CR,0,normal
EV1330,vent09,ventas_campo,17.1,77.7,5,0,CR,0,normal
EV0190,cont07,contabilidad,9.54,29.6,2,0,CR,0,normal
EV0028,cont07,contabilidad,11.14,34.2,5,0,CR,0,normal
EV0838,sopo01,soporte_de_equipos,20.57,107.1,12,1,CR,0,normal
EV1566,lega08,legal,11.0,18.2,4,0,CR,0,normal
EV0900,sopo07,soporte_de_equipos,22.22,138.6,9,1,CR,0,normal
EV1582,lega08,legal,11.3,25.2,4,0,CR,0,normal
EV1764,ti_i03,ti_infraestructura,2.76,301.6,32,1,CR,0,normal
EV0757,sopo09,soporte_de_equipos,23.9,121.7,15,1,CR,0,normal
EV0620,sopo06,soporte_de_equipos,2.74,45.2,17,1,CR,0,normal
EV0758,sopo03,soporte_de_equipos,13.18,85.0,16,0,CR,0,normal
EV1968,svc_respaldo,ti_infraestructura,3.29,854.4,69,1,CR,0,respaldo_programado
EV1466,lega02,legal,12.16,10.0,4,0,CR,0,normal
EV1202,vent10,ventas_campo,14.3,25.0,9,0,PA,0,normal
EV1562,lega04,legal,9.44,9.9,2,0,CR,0,normal
EV1163,vent08,ventas_campo,19.33,90.5,6,1,CR,0,normal
EV1268,vent03,ventas_campo,16.1,53.9,5,0,GT,0,normal
EV0267,cont12,contabilidad,7.92,34.3,5,0,CR,0,normal
EV0595,sopo04,soporte_de_equipos,22.43,114.9,9,1,CR,0,normal
EV0705,sopo05,soporte_de_equipos,10.42,112.9,10,0,CR,0,normal
EV0326,cont12,contabilidad,9.71,41.4,4,0,CR,0,normal
EV1128,vent09,ventas_campo,18.59,71.6,9,0,CR,0,normal
EV0864,sopo01,soporte_de_equipos,15.84,100.4,11,0,CR,0,normal
EV0631,sopo04,soporte_de_equipos,15.98,137.6,14,0,CR,0,normal
EV1495,lega04,legal,11.58,21.6,3,0,CR,0,normal
EV0076,cont10,contabilidad,10.02,32.9,6,0,CR,0,normal
EV1434,lega06,legal,11.78,24.8,4,0,CR,0,normal
EV1607,lega08,legal,12.81,20.9,3,0,CR,0,normal
EV0902,sopo10,soporte_de_equipos,20.84,157.3,12,1,CR,0,normal
EV0718,sopo10,soporte_de_equipos,8.43,103.4,13,0,CR,0,normal
EV0738,sopo07,soporte_de_equipos,6.13,135.8,9,1,CR,0,normal
EV1269,vent02,ventas_campo,19.41,70.8,6,1,CR,0,normal
EV1308,vent05,ventas_campo,15.52,50.4,3,0,NI,0,normal
EV0830,sopo11,soporte_de_equipos,10.53,184.4,10,0,CR,0,normal
EV0834,sopo11,soporte_de_equipos,18.94,145.8,12,0,CR,0,normal
EV0181,cont12,contabilidad,13.05,23.9,6,0,CR,0,normal
EV0743,sopo07,soporte_de_equipos,14.33,120.3,15,0,CR,0,normal
EV1638,lega06,legal,10.06,26.0,3,0,CR,0,normal
EV0916,sopo10,soporte_de_equipos,14.79,152.2,10,0,CR,0,normal
EV0377,cont05,contabilidad,9.57,27.8,4,0,CR,0,normal
EV1979,svc_respaldo,ti_infraestructura,1.72,700.3,58,1,CR,0,respaldo_programado
EV0024,cont06,contabilidad,10.43,34.5,3,0,CR,0,normal
EV0347,cont10,contabilidad,10.26,12.6,5,0,CR,0,normal
EV1635,lega02,legal,10.37,24.2,4,0,CR,0,normal
EV1737,ti_i06,ti_infraestructura,1.37,241.6,21,1,CR,0,normal
EV0009,cont11,contabilidad,11.26,32.6,1,0,CR,0,normal
EV0229,cont02,contabilidad,10.32,27.7,4,0,CR,0,normal
EV0490,cont06,contabilidad,9.47,23.1,1,0,CR,0,normal
EV0214,cont02,contabilidad,13.17,30.7,4,0,CR,0,normal
EV0818,sopo02,soporte_de_equipos,16.49,98.3,11,0,CR,0,normal
EV1451,lega01,legal,11.14,32.0,4,0,CR,0,normal
EV0450,cont11,contabilidad,8.86,48.8,4,0,CR,0,normal
EV0726,sopo05,soporte_de_equipos,16.6,149.3,15,0,CR,0,normal
EV0016,cont12,contabilidad,12.34,29.0,6,0,CR,0,normal
EV1802,ti_i06,ti_infraestructura,1.68,191.2,28,1,CR,0,normal
EV1772,ti_i06,ti_infraestructura,4.02,309.1,27,1,CR,0,normal
EV0644,sopo03,soporte_de_equipos,13.52,82.2,9,0,CR,0,normal
EV1302,vent01,ventas_campo,12.6,60.8,3,0,CR,0,normal
EV1334,lega06,legal,11.6,19.9,1,0,CR,0,normal
EV0547,sopo10,soporte_de_equipos,16.2,100.0,13,0,CR,0,normal
EV1154,vent01,ventas_campo,13.1,57.1,3,0,NI,0,normal
EV0641,sopo07,soporte_de_equipos,18.96,120.4,9,0,CR,0,normal
EV0355,cont04,contabilidad,12.83,28.7,6,0,CR,0,normal
EV0769,sopo09,soporte_de_equipos,13.68,125.7,12,0,CR,0,normal
EV0208,cont04,contabilidad,10.65,44.8,4,0,CR,0,normal
EV1375,lega02,legal,10.86,12.0,4,0,CR,0,normal
EV0962,vent04,ventas_campo,13.86,60.2,9,0,CR,0,normal
EV1075,vent11,ventas_campo,17.69,56.5,5,0,NI,0,normal
EV0417,cont08,contabilidad,7.27,29.8,4,0,CR,0,normal
EV1990,svc_respaldo,ti_infraestructura,2.0,809.4,65,1,CR,0,respaldo_programado
EV1059,vent12,ventas_campo,15.8,42.0,6,0,CR,0,normal
EV1168,vent06,ventas_campo,15.15,54.4,13,0,CR,0,normal
EV0688,sopo06,soporte_de_equipos,12.97,101.0,18,0,CR,0,normal
EV0443,cont09,contabilidad,11.49,24.9,4,0,CR,0,normal
EV1651,lega08,legal,11.28,23.5,2,0,CR,0,normal
EV0603,sopo05,soporte_de_equipos,15.03,172.5,12,0,CR,0,normal
EV1905,ti_i05,ti_infraestructura,0.31,325.8,28,1,CR,0,normal
EV0349,cont14,contabilidad,11.83,39.0,6,0,CR,0,normal
EV0763,sopo03,soporte_de_equipos,20.63,99.1,14,1,CR,0,normal
EV0404,cont13,contabilidad,11.27,35.7,7,0,CR,0,normal
EV0363,cont01,contabilidad,9.59,40.1,3,0,CR,0,normal
EV0027,cont11,contabilidad,9.93,23.5,5,0,CR,0,normal
EV1904,ti_i01,ti_infraestructura,5.71,295.6,31,1,CR,0,normal
EV1169,vent03,ventas_campo,17.11,49.0,7,0,CR,0,normal
EV0178,cont07,contabilidad,10.3,49.3,5,0,CR,0,normal
EV1924,ti_i04,ti_infraestructura,2.3,95.6,29,1,CR,0,normal
EV0862,sopo04,soporte_de_equipos,10.77,100.5,10,0,CR,0,normal
EV0611,sopo04,soporte_de_equipos,10.9,129.0,14,0,CR,0,normal
EV0665,sopo04,soporte_de_equipos,4.33,130.3,18,1,CR,0,normal
EV0253,cont14,contabilidad,8.46,39.5,5,0,CR,0,normal
EV0415,cont09,contabilidad,8.57,43.2,7,0,CR,0,normal
EV0559,sopo08,soporte_de_equipos,19.27,164.6,14,1,CR,0,normal
EV0554,sopo11,soporte_de_equipos,13.61,103.4,9,0,CR,0,normal
EV0194,cont10,contabilidad,8.99,47.7,4,0,CR,0,normal
EV1134,vent11,ventas_campo,12.66,57.7,6,0,CR,0,normal
EV1711,ti_i03,ti_infraestructura,3.65,216.2,26,1,CR,0,normal
EV1152,vent04,ventas_campo,10.42,107.2,4,0,PA,0,normal
EV0446,cont14,contabilidad,8.36,37.3,4,0,CR,0,normal
EV1954,ti_i04,ti_infraestructura,1.85,172.5,26,1,CR,0,normal
EV0913,sopo09,soporte_de_equipos,14.56,112.3,14,0,CR,0,normal
EV0973,vent12,ventas_campo,17.29,54.5,8,0,CR,0,normal
EV1455,lega02,legal,11.98,24.9,4,0,CR,0,normal
EV0452,cont03,contabilidad,10.03,43.7,4,0,CR,0,normal
EV1390,lega03,legal,11.26,19.4,1,0,CR,0,normal
EV0465,cont02,contabilidad,10.87,28.2,4,0,CR,0,normal
EV1089,vent11,ventas_campo,14.7,32.2,5,0,GT,0,normal
EV0459,cont02,contabilidad,8.0,6.5,3,0,CR,0,normal
EV1385,lega06,legal,11.52,21.2,5,0,CR,0,normal
EV1933,ti_i01,ti_infraestructura,5.35,188.1,22,1,CR,0,normal
EV0732,sopo10,soporte_de_equipos,14.22,195.3,6,0,CR,0,normal
EV0370,cont07,contabilidad,10.1,28.4,2,0,CR,0,normal
EV0485,cont04,contabilidad,9.16,16.8,3,0,CR,0,normal
EV1443,lega06,legal,11.6,31.6,3,0,CR,0,normal
EV1179,vent06,ventas_campo,19.88,54.7,4,1,NI,0,normal
EV0308,cont01,contabilidad,13.12,47.0,6,0,CR,0,normal
EV0286,cont11,contabilidad,11.59,22.0,3,0,CR,0,normal
EV0612,sopo11,soporte_de_equipos,5.63,81.1,12,1,CR,0,normal
EV0650,sopo02,soporte_de_equipos,15.48,164.6,9,0,CR,0,normal
EV0717,sopo02,soporte_de_equipos,6.66,154.8,13,1,CR,0,normal
EV1378,lega03,legal,10.68,29.7,4,0,CR,0,normal
EV1490,lega08,legal,9.02,25.4,2,0,CR,0,normal
EV1088,vent10,ventas_campo,11.64,4.5,2,0,PA,0,normal
EV0658,sopo03,soporte_de_equipos,10.25,101.6,13,0,CR,0,normal
EV1352,lega01,legal,12.04,14.8,2,0,CR,0,normal
EV0884,sopo05,soporte_de_equipos,6.81,157.9,5,1,CR,0,normal
EV0700,sopo07,soporte_de_equipos,17.2,98.9,13,0,CR,0,normal
EV0825,sopo02,soporte_de_equipos,5.56,112.6,11,1,CR,0,normal
EV1926,ti_i06,ti_infraestructura,2.86,219.0,26,1,CR,0,normal
EV0098,cont01,contabilidad,8.47,32.2,4,0,CR,0,normal
EV1813,ti_i04,ti_infraestructura,1.52,297.7,18,1,CR,0,normal
EV0985,vent03,ventas_campo,12.4,45.0,4,0,GT,0,normal
EV0811,sopo09,soporte_de_equipos,12.45,138.4,10,0,CR,0,normal
EV0140,cont05,contabilidad,7.66,36.8,4,0,CR,0,normal
EV1197,vent09,ventas_campo,15.59,107.2,6,0,NI,0,normal
EV1980,svc_respaldo,ti_infraestructura,3.66,754.6,67,1,CR,0,respaldo_programado
EV0699,sopo01,soporte_de_equipos,5.79,113.2,16,1,CR,0,normal
EV1348,lega07,legal,12.0,20.8,7,0,CR,0,normal
EV0906,sopo06,soporte_de_equipos,14.51,108.4,10,0,CR,0,normal
EV0931,sopo05,soporte_de_equipos,7.19,90.9,11,0,CR,0,normal
EV1173,vent11,ventas_campo,12.08,63.0,5,0,GT,0,normal
EV0755,sopo01,soporte_de_equipos,17.81,95.2,6,0,CR,0,normal
EV0129,cont08,contabilidad,9.28,40.6,4,0,CR,0,normal
EV0740,sopo07,soporte_de_equipos,5.4,126.3,9,1,CR,0,normal
EV0659,sopo01,soporte_de_equipos,12.79,165.9,11,0,CR,0,normal
EV0756,sopo08,soporte_de_equipos,12.5,114.2,12,0,CR,0,normal
EV1353,lega01,legal,9.62,23.3,3,0,CR,0,normal
EV0523,sopo02,soporte_de_equipos,17.43,113.6,6,0,CR,0,normal
EV0265,cont13,contabilidad,8.86,36.7,4,0,CR,0,normal
EV1304,vent01,ventas_campo,10.62,26.7,6,0,CR,0,normal
EV1768,ti_i06,ti_infraestructura,3.14,240.2,29,1,CR,0,normal
EV1581,lega07,legal,9.37,10.1,2,0,CR,0,normal
EV0632,sopo01,soporte_de_equipos,13.21,204.7,14,0,CR,0,normal
EV0499,cont13,contabilidad,11.51,31.9,4,0,CR,0,normal
EV1636,lega06,legal,10.73,23.4,2,0,CR,0,normal
EV1320,vent12,ventas_campo,13.74,47.4,7,0,NI,0,normal
EV1650,lega04,legal,12.85,28.4,3,0,CR,0,normal
EV1016,vent09,ventas_campo,11.57,56.5,7,0,CR,0,normal
EV0433,cont04,contabilidad,10.62,34.6,6,0,CR,0,normal
EV1150,vent05,ventas_campo,16.26,48.6,1,0,CR,0,normal
EV1702,ti_i05,ti_infraestructura,0.59,234.7,34,1,CR,0,normal
EV0069,cont08,contabilidad,11.16,39.1,7,0,CR,0,normal
EV1907,ti_i02,ti_infraestructura,1.24,322.7,24,1,CR,0,normal
EV0661,sopo09,soporte_de_equipos,19.95,135.2,18,1,CR,0,normal
EV1191,vent11,ventas_campo,10.12,68.3,6,0,CR,0,normal
EV0993,vent02,ventas_campo,16.06,74.2,4,0,CR,0,normal
EV0574,sopo02,soporte_de_equipos,18.07,118.1,9,0,CR,0,normal
EV0335,cont09,contabilidad,10.21,16.7,4,0,CR,0,normal
EV0339,cont01,contabilidad,12.06,41.8,4,0,CR,0,normal
EV1028,vent03,ventas_campo,11.78,47.6,4,0,CR,0,normal
EV0384,cont08,contabilidad,10.16,48.6,5,0,CR,0,normal
EV1494,lega03,legal,11.35,3.3,4,0,CR,0,normal
EV0056,cont03,contabilidad,11.28,39.2,4,0,CR,0,normal
EV0682,sopo07,soporte_de_equipos,17.55,137.5,13,0,CR,0,normal
EV1082,vent09,ventas_campo,15.27,50.4,9,0,CR,0,normal
EV1912,ti_i01,ti_infraestructura,0.33,346.9,26,1,CR,0,normal
EV1528,lega01,legal,8.85,15.6,4,0,CR,0,normal
EV0706,sopo05,soporte_de_equipos,11.31,66.9,11,0,CR,0,normal
EV1672,ti_i03,ti_infraestructura,3.9,232.0,25,1,CR,0,normal
EV0171,cont02,contabilidad,10.87,47.7,5,0,CR,0,normal
EV1850,ti_i05,ti_infraestructura,4.1,416.3,23,1,CR,0,normal
EV1792,ti_i05,ti_infraestructura,2.82,305.7,23,1,CR,0,normal
EV0327,cont04,contabilidad,10.0,21.7,4,0,CR,0,normal
EV0504,cont02,contabilidad,13.86,47.4,1,0,CR,0,normal
EV0982,vent07,ventas_campo,19.21,25.7,8,1,CR,0,normal
EV0410,cont10,contabilidad,9.38,34.6,4,0,CR,0,normal
EV0298,cont12,contabilidad,11.85,39.1,4,0,CR,0,normal
EV1165,vent12,ventas_campo,14.45,91.9,8,0,CR,0,normal
EV1668,ti_i05,ti_infraestructura,2.22,345.3,24,1,CR,0,normal
EV1356,lega01,legal,10.87,20.7,3,0,CR,0,normal
EV1343,lega01,legal,11.05,23.8,3,0,CR,0,normal
EV1901,ti_i06,ti_infraestructura,0.0,243.3,31,1,CR,0,normal
EV0719,sopo11,soporte_de_equipos,5.5,130.8,9,1,CR,0,normal
EV0672,sopo10,soporte_de_equipos,15.28,87.0,11,0,CR,0,normal
EV0649,sopo05,soporte_de_equipos,16.16,122.1,16,0,CR,0,normal
EV2000,sopo04,soporte_de_equipos,4.1,260.0,44,1,VN,1,incidente_confirmado
EV1674,ti_i06,ti_infraestructura,2.53,299.0,25,1,CR,0,normal
EV1533,lega01,legal,10.88,23.1,3,0,CR,0,normal
EV1957,ti_i04,ti_infraestructura,2.02,400.7,18,1,CR,0,normal
EV0701,sopo11,soporte_de_equipos,18.72,79.6,16,0,CR,0,normal
EV0703,sopo05,soporte_de_equipos,19.77,132.3,12,1,CR,0,normal
EV0532,sopo04,soporte_de_equipos,10.11,148.5,13,0,CR,0,normal
EV0408,cont01,contabilidad,8.44,31.5,3,0,CR,0,normal
EV0200,cont08,contabilidad,10.51,49.6,4,0,CR,0,normal
EV0474,cont07,contabilidad,7.5,27.0,3,0,CR,0,normal
EV0730,sopo06,soporte_de_equipos,11.44,127.6,15,0,CR,0,normal
EV1427,lega02,legal,10.91,9.7,1,0,CR,0,normal
EV0217,cont12,contabilidad,11.97,30.1,7,0,CR,0,normal
EV0254,cont06,contabilidad,9.8,34.5,3,0,CR,0,normal
EV0153,cont10,contabilidad,13.02,32.0,7,0,CR,0,normal
EV1166,vent10,ventas_campo,20.1,64.7,7,1,CR,0,normal
EV1798,ti_i03,ti_infraestructura,0.0,386.5,21,1,CR,0,normal
EV1248,vent03,ventas_campo,18.03,46.3,3,0,CR,0,normal
EV1682,ti_i03,ti_infraestructura,4.57,324.4,19,1,CR,0,normal
EV1321,vent04,ventas_campo,20.3,39.0,6,1,CR,0,normal
EV1568,lega03,legal,11.05,8.9,2,0,CR,0,normal
EV1900,ti_i04,ti_infraestructura,4.02,268.5,25,1,CR,0,normal
EV1398,lega06,legal,10.3,18.0,3,0,CR,0,normal
EV0531,sopo11,soporte_de_equipos,10.28,122.5,14,0,CR,0,normal
EV1133,vent03,ventas_campo,13.46,50.6,10,0,GT,0,normal
EV1245,vent06,ventas_campo,17.27,56.0,4,0,CR,0,normal
EV0241,cont12,contabilidad,9.54,40.7,3,0,CR,0,normal
EV1310,vent06,ventas_campo,16.45,87.4,2,0,CR,0,normal
EV1643,lega06,legal,8.77,38.2,1,0,CR,0,normal
EV0188,cont09,contabilidad,10.63,46.6,6,0,CR,0,normal
EV0247,cont13,contabilidad,9.96,42.7,5,0,CR,0,normal
EV0904,sopo11,soporte_de_equipos,9.68,105.0,12,0,CR,0,normal
EV1426,lega01,legal,10.59,18.4,4,0,CR,0,normal
EV1482,lega02,legal,12.76,7.3,4,0,CR,0,normal
EV0883,sopo10,soporte_de_equipos,16.84,84.4,8,0,CR,0,normal
EV0693,sopo02,soporte_de_equipos,12.18,70.0,17,0,CR,0,normal
EV0303,cont11,contabilidad,11.11,45.4,4,0,CR,0,normal
EV0284,cont05,contabilidad,10.34,46.9,6,0,CR,0,normal
EV0880,sopo02,soporte_de_equipos,16.87,174.0,14,0,CR,0,normal
EV0506,cont04,contabilidad,11.62,37.7,6,0,CR,0,normal
EV1918,ti_i03,ti_infraestructura,3.58,301.5,31,1,CR,0,normal
EV0322,cont09,contabilidad,11.47,44.5,3,0,CR,0,normal
EV1956,ti_i03,ti_infraestructura,2.07,384.1,27,1,CR,0,normal
EV1253,vent11,ventas_campo,13.27,68.8,5,0,GT,0,normal
EV0833,sopo07,soporte_de_equipos,19.24,101.6,15,1,CR,0,normal
EV0622,sopo05,soporte_de_equipos,14.04,78.7,11,0,CR,0,normal
EV1501,lega04,legal,11.58,20.6,3,0,CR,0,normal
EV1035,vent10,ventas_campo,16.11,68.3,8,0,NI,0,normal
EV0123,cont13,contabilidad,8.73,39.6,4,0,CR,0,normal
EV1243,vent04,ventas_campo,20.94,67.1,9,1,GT,0,normal
EV0511,cont02,contabilidad,8.85,30.5,6,0,CR,0,normal
EV0281,cont13,contabilidad,7.63,26.9,4,0,CR,0,normal
EV1247,vent09,ventas_campo,12.45,63.4,9,0,NI,0,normal
EV1237,vent08,ventas_campo,12.99,72.8,5,0,NI,0,normal
EV1935,ti_i03,ti_infraestructura,3.37,371.0,16,1,CR,0,normal
EV1189,vent04,ventas_campo,16.05,81.4,3,0,CR,0,normal
EV1201,vent07,ventas_campo,18.83,48.7,6,0,CR,0,normal
EV1539,lega03,legal,12.85,8.6,3,0,CR,0,normal
EV0678,sopo09,soporte_de_equipos,21.16,98.7,14,1,CR,0,normal
EV0519,cont14,contabilidad,10.78,32.0,4,0,CR,0,normal
EV1147,vent10,ventas_campo,17.85,75.1,4,0,CR,0,normal
EV1511,lega01,legal,12.13,13.2,4,0,CR,0,normal
EV0068,cont10,contabilidad,9.53,32.5,3,0,CR,0,normal
EV0333,cont04,contabilidad,9.89,48.9,4,0,CR,0,normal
EV0569,sopo01,soporte_de_equipos,11.71,119.1,13,0,CR,0,normal
EV1830,ti_i05,ti_infraestructura,2.88,299.6,24,1,CR,0,normal
EV1190,vent06,ventas_campo,14.51,51.5,6,0,PA,0,normal
EV1424,lega07,legal,11.99,17.6,5,0,CR,0,normal
EV1684,ti_i03,ti_infraestructura,5.01,408.6,11,1,CR,0,normal
EV0473,cont05,contabilidad,7.88,40.2,3,0,CR,0,normal
EV1322,vent09,ventas_campo,17.17,53.4,9,0,CR,0,normal
EV0512,cont03,contabilidad,9.78,35.4,5,0,CR,0,normal
EV0478,cont11,contabilidad,10.33,51.8,3,0,CR,0,normal
EV0886,sopo02,soporte_de_equipos,18.26,144.1,14,0,CR,0,normal
EV1392,lega08,legal,8.97,19.5,3,0,CR,0,normal
EV0319,cont13,contabilidad,8.86,36.9,3,0,CR,0,normal
EV0937,sopo03,soporte_de_equipos,13.82,127.5,9,0,CR,0,normal
EV1709,ti_i02,ti_infraestructura,3.41,348.7,28,1,CR,0,normal
EV0994,vent11,ventas_campo,15.14,58.7,3,0,CR,0,normal
EV0582,sopo06,soporte_de_equipos,3.81,76.7,9,1,CR,0,normal
EV0133,cont12,contabilidad,12.49,33.8,7,0,CR,0,normal
EV1714,ti_i05,ti_infraestructura,0.0,448.2,26,1,CR,0,normal
EV0829,sopo07,soporte_de_equipos,7.42,134.4,12,0,CR,0,normal
EV1597,lega01,legal,15.09,16.1,2,0,CR,0,normal
EV0987,vent11,ventas_campo,14.32,76.9,8,0,CR,0,normal
EV1939,ti_i04,ti_infraestructura,5.33,264.9,19,1,CR,0,normal
EV0369,cont03,contabilidad,9.91,49.5,1,0,CR,0,normal
EV0733,sopo06,soporte_de_equipos,15.49,204.3,9,0,CR,0,normal
EV1355,lega01,legal,9.51,23.1,2,0,CR,0,normal
EV0126,cont09,contabilidad,11.24,48.8,6,0,CR,0,normal
EV1603,lega06,legal,11.84,17.0,3,0,CR,0,normal
EV1551,lega04,legal,10.46,28.1,2,0,CR,0,normal
EV0257,cont12,contabilidad,9.1,36.0,5,0,CR,0,normal
EV1955,ti_i06,ti_infraestructura,0.0,372.1,33,1,CR,0,normal
EV1474,lega04,legal,12.78,11.5,4,0,CR,0,normal
EV0290,cont11,contabilidad,9.65,36.9,3,0,CR,0,normal
EV0778,sopo09,soporte_de_equipos,6.21,169.4,14,1,CR,0,normal
EV0082,cont03,contabilidad,8.85,47.7,5,0,CR,0,normal
EV0054,cont09,contabilidad,9.27,36.5,5,0,CR,0,normal
EV1406,lega03,legal,10.71,15.9,2,0,CR,0,normal
EV0558,sopo01,soporte_de_equipos,16.79,116.7,9,0,CR,0,normal
EV0041,cont03,contabilidad,12.85,41.9,5,0,CR,0,normal
EV1121,vent02,ventas_campo,13.08,26.1,8,0,CR,0,normal
EV0262,cont01,contabilidad,12.3,31.7,7,0,CR,0,normal
EV1872,ti_i05,ti_infraestructura,2.66,340.7,24,1,CR,0,normal
EV0956,vent11,ventas_campo,16.61,55.2,9,0,CR,0,normal
EV0084,cont14,contabilidad,9.68,51.1,5,0,CR,0,normal
EV1645,lega08,legal,8.79,31.1,3,0,CR,0,normal
EV1206,vent04,ventas_campo,14.85,95.5,5,0,CR,0,normal
EV1544,lega04,legal,10.5,28.2,4,0,CR,0,normal
EV0807,sopo10,soporte_de_equipos,12.45,124.6,11,0,CR,0,normal
EV0031,cont14,contabilidad,7.25,47.5,4,0,CR,0,normal
EV0514,cont03,contabilidad,8.28,34.6,3,0,CR,0,normal
EV0977,vent04,ventas_campo,13.46,64.9,4,0,NI,0,normal
EV1289,vent04,ventas_campo,18.59,64.8,5,0,CR,0,normal
EV1741,ti_i06,ti_infraestructura,1.99,345.4,25,1,CR,0,normal
EV1003,vent04,ventas_campo,14.65,39.7,8,0,PA,0,normal
EV1260,vent10,ventas_campo,18.76,53.0,7,0,GT,0,normal
EV1297,vent09,ventas_campo,14.84,66.8,5,0,CR,0,normal
EV1583,lega02,legal,12.03,9.8,2,0,CR,0,normal
EV1923,ti_i02,ti_infraestructura,1.45,256.7,29,1,CR,0,normal
EV0839,sopo03,soporte_de_equipos,1.77,81.9,14,1,CR,0,normal
EV1823,ti_i05,ti_infraestructura,0.8,268.6,17,1,CR,0,normal
EV1862,ti_i02,ti_infraestructura,0.0,243.8,19,1,CR,0,normal
EV0049,cont08,contabilidad,8.76,22.0,4,0,CR,0,normal
EV1183,vent07,ventas_campo,15.06,65.8,7,0,PA,0,normal
EV1844,ti_i01,ti_infraestructura,1.78,345.4,35,1,CR,0,normal
EV0468,cont07,contabilidad,10.47,48.0,3,0,CR,0,normal
EV0154,cont06,contabilidad,9.04,44.0,3,0,CR,0,normal
EV1560,lega01,legal,10.93,15.6,2,0,CR,0,normal
EV1863,ti_i05,ti_infraestructura,0.0,149.5,21,1,CR,0,normal
EV0395,cont13,contabilidad,9.87,26.9,5,0,CR,0,normal
EV0124,cont04,contabilidad,9.92,38.9,5,0,CR,0,normal
EV0356,cont04,contabilidad,12.38,39.4,3,0,CR,0,normal
EV0135,cont06,contabilidad,10.82,38.2,4,0,CR,0,normal
EV0269,cont02,contabilidad,11.16,39.4,2,0,CR,0,normal
EV0386,cont13,contabilidad,10.56,42.7,5,0,CR,0,normal
EV0610,sopo10,soporte_de_equipos,8.73,114.6,12,0,CR,0,normal
EV0221,cont06,contabilidad,8.67,30.4,6,0,CR,0,normal
EV0042,cont10,contabilidad,9.72,22.7,6,0,CR,0,normal
EV0220,cont13,contabilidad,7.38,36.4,1,0,CR,0,normal
EV0598,sopo04,soporte_de_equipos,23.43,173.6,13,1,CR,0,normal
EV1250,vent06,ventas_campo,9.52,26.3,13,0,CR,0,normal
EV1239,vent12,ventas_campo,10.32,68.0,6,0,PA,0,normal
EV0681,sopo09,soporte_de_equipos,6.04,108.6,11,1,CR,0,normal
EV1074,vent06,ventas_campo,14.51,15.7,6,0,CR,0,normal
EV1896,ti_i05,ti_infraestructura,2.36,189.7,29,1,CR,0,normal
EV0841,sopo11,soporte_de_equipos,16.06,126.5,14,0,CR,0,normal
EV0542,sopo03,soporte_de_equipos,16.55,65.2,11,0,CR,0,normal
EV1042,vent03,ventas_campo,13.15,60.4,2,0,CR,0,normal
EV1479,lega03,legal,12.03,16.8,1,0,CR,0,normal
EV1359,lega07,legal,11.14,24.5,3,0,CR,0,normal
EV1870,ti_i04,ti_infraestructura,3.95,185.8,20,1,CR,0,normal
EV1199,vent11,ventas_campo,17.33,81.6,7,0,PA,0,normal
EV1317,vent09,ventas_campo,14.26,37.3,1,0,GT,0,normal
EV1284,vent10,ventas_campo,14.45,59.3,4,0,GT,0,normal
EV0979,vent12,ventas_campo,16.46,70.8,4,0,PA,0,normal
EV1083,vent05,ventas_campo,21.99,74.0,4,1,CR,0,normal
EV1569,lega01,legal,11.49,30.3,3,0,CR,0,normal
EV1971,svc_respaldo,ti_infraestructura,1.98,837.7,66,1,CR,0,respaldo_programado
EV1776,ti_i04,ti_infraestructura,0.64,345.2,20,1,CR,0,normal
EV1222,vent03,ventas_campo,11.16,68.0,7,0,CR,0,normal
EV1811,ti_i02,ti_infraestructura,1.76,286.6,19,1,CR,0,normal
EV1975,svc_respaldo,ti_infraestructura,2.44,989.0,67,1,CR,0,respaldo_programado
EV1873,ti_i04,ti_infraestructura,0.63,366.3,19,1,CR,0,normal
EV1404,lega02,legal,11.04,44.6,3,0,CR,0,normal
EV0337,cont02,contabilidad,9.59,48.1,7,0,CR,0,normal
EV0233,cont08,contabilidad,9.97,48.4,4,0,CR,0,normal
EV1824,ti_i05,ti_infraestructura,0.22,393.6,23,1,CR,0,normal
EV1414,lega07,legal,11.28,21.4,3,0,CR,0,normal
EV0159,cont10,contabilidad,11.77,51.4,4,0,CR,0,normal
EV0469,cont09,contabilidad,9.43,41.2,4,0,CR,0,normal
EV1779,ti_i03,ti_infraestructura,2.93,376.6,25,1,CR,0,normal
EV1988,svc_respaldo,ti_infraestructura,3.71,1057.3,65,1,CR,0,respaldo_programado
EV1026,vent10,ventas_campo,15.94,87.4,5,0,CR,0,normal
EV1099,vent04,ventas_campo,19.67,44.9,8,1,CR,0,normal
EV1118,vent11,ventas_campo,12.19,54.3,6,0,GT,0,normal
EV0586,sopo09,soporte_de_equipos,23.9,112.9,14,1,CR,0,normal
EV0206,cont07,contabilidad,7.94,58.1,3,0,CR,0,normal
EV0004,cont12,contabilidad,11.34,43.0,5,0,CR,0,normal
EV0870,sopo01,soporte_de_equipos,14.24,136.4,11,0,CR,0,normal
EV0896,sopo10,soporte_de_equipos,22.35,125.3,15,1,CR,0,normal
EV1122,vent10,ventas_campo,16.07,42.5,4,0,CR,0,normal
EV1834,ti_i02,ti_infraestructura,3.25,161.3,22,1,CR,0,normal
EV1456,lega03,legal,10.27,18.6,2,0,CR,0,normal
EV1051,vent02,ventas_campo,19.53,92.1,8,1,CR,0,normal
EV0694,sopo02,soporte_de_equipos,10.9,114.0,16,0,CR,0,normal
EV1708,ti_i04,ti_infraestructura,3.0,333.7,30,1,CR,0,normal
EV1644,lega08,legal,11.46,26.7,1,0,CR,0,normal
EV0715,sopo10,soporte_de_equipos,11.19,76.6,11,0,CR,0,normal
EV1803,ti_i01,ti_infraestructura,4.99,280.2,24,1,CR,0,normal
EV1127,vent03,ventas_campo,16.79,66.9,7,0,NI,0,normal
EV1987,svc_respaldo,ti_infraestructura,3.14,999.0,62,1,CR,0,respaldo_programado
EV1732,ti_i03,ti_infraestructura,0.64,323.7,28,1,CR,0,normal
EV1052,vent04,ventas_campo,15.64,90.0,5,0,CR,0,normal
EV1105,vent01,ventas_campo,18.72,36.0,5,0,CR,0,normal
EV1195,vent01,ventas_campo,17.9,72.7,8,0,NI,0,normal
EV1780,ti_i01,ti_infraestructura,2.25,385.3,21,1,CR,0,normal
EV0158,cont10,contabilidad,8.2,54.6,4,0,CR,0,normal
EV1048,vent03,ventas_campo,13.07,60.6,6,0,NI,0,normal
EV0524,sopo04,soporte_de_equipos,23.9,117.4,5,1,CR,0,normal
EV0463,cont10,contabilidad,12.27,25.8,5,0,CR,0,normal
EV0653,sopo06,soporte_de_equipos,23.9,176.3,13,1,CR,0,normal
EV0161,cont10,contabilidad,9.09,53.4,4,0,CR,0,normal
EV0306,cont05,contabilidad,9.28,33.3,4,0,CR,0,normal
EV0657,sopo01,soporte_de_equipos,16.08,79.0,12,0,CR,0,normal
EV0548,sopo02,soporte_de_equipos,12.16,143.4,13,0,CR,0,normal
EV0714,sopo07,soporte_de_equipos,19.81,49.0,6,1,CR,0,normal
EV0396,cont10,contabilidad,11.44,36.6,6,0,CR,0,normal
EV0784,sopo06,soporte_de_equipos,15.89,132.4,11,0,CR,0,normal
EV0400,cont01,contabilidad,11.82,49.3,2,0,CR,0,normal
EV0799,sopo01,soporte_de_equipos,23.17,105.7,14,1,CR,0,normal
EV0619,sopo09,soporte_de_equipos,10.2,93.3,11,0,CR,0,normal
EV1534,lega01,legal,11.19,18.6,5,0,CR,0,normal
EV0509,cont06,contabilidad,11.73,36.9,2,0,CR,0,normal
EV1771,ti_i05,ti_infraestructura,5.87,228.3,21,1,CR,0,normal
EV0737,sopo09,soporte_de_equipos,13.7,124.7,14,0,CR,0,normal
EV1962,ti_i02,ti_infraestructura,2.1,304.7,31,1,CR,0,normal
EV1666,ti_i01,ti_infraestructura,2.95,277.0,23,1,CR,0,normal
EV1719,ti_i03,ti_infraestructura,1.86,212.2,24,1,CR,0,normal
EV0868,sopo06,soporte_de_equipos,18.78,106.8,15,0,CR,0,normal
EV0460,cont08,contabilidad,8.95,26.8,5,0,CR,0,normal
EV0934,sopo11,soporte_de_equipos,22.49,142.8,13,1,CR,0,normal
EV0063,cont12,contabilidad,7.78,42.4,3,0,CR,0,normal
EV1820,ti_i05,ti_infraestructura,2.34,387.1,32,1,CR,0,normal
EV0872,sopo08,soporte_de_equipos,17.06,184.0,8,0,CR,0,normal
EV0955,vent04,ventas_campo,22.55,112.9,7,1,GT,0,normal
EV1575,lega08,legal,11.07,23.4,5,0,CR,0,normal
EV0458,cont09,contabilidad,10.2,41.2,5,0,CR,0,normal
EV0936,sopo10,soporte_de_equipos,7.9,157.7,11,0,CR,0,normal
EV0479,cont04,contabilidad,9.25,49.1,2,0,CR,0,normal
EV1124,vent06,ventas_campo,17.77,81.9,8,0,CR,0,normal
EV1478,lega06,legal,9.56,29.7,2,0,CR,0,normal
EV0871,sopo02,soporte_de_equipos,18.46,89.5,15,0,CR,0,normal
EV0791,sopo11,soporte_de_equipos,5.92,113.8,15,1,CR,0,normal
EV0618,sopo01,soporte_de_equipos,13.59,129.4,14,0,CR,0,normal
EV1847,ti_i04,ti_infraestructura,2.59,291.1,20,1,CR,0,normal
EV1628,lega08,legal,12.3,19.3,4,0,CR,0,normal
EV1412,lega04,legal,8.5,9.6,4,0,CR,0,normal
EV1139,vent02,ventas_campo,18.3,73.6,4,0,CR,0,normal
EV1616,lega03,legal,10.2,33.2,4,0,CR,0,normal
EV0348,cont08,contabilidad,7.91,31.5,3,0,CR,0,normal
EV1489,lega02,legal,11.42,33.5,3,0,CR,0,normal
EV1982,svc_respaldo,ti_infraestructura,2.56,982.2,65,1,CR,0,respaldo_programado
EV1910,ti_i04,ti_infraestructura,3.3,369.5,19,1,CR,0,normal
EV0761,sopo04,soporte_de_equipos,11.05,118.4,12,0,CR,0,normal
EV0447,cont03,contabilidad,8.32,40.4,4,0,CR,0,normal
EV0651,sopo05,soporte_de_equipos,20.92,58.2,14,1,CR,0,normal
EV1230,vent08,ventas_campo,18.38,37.3,6,0,GT,0,normal
EV1877,ti_i05,ti_infraestructura,1.97,381.0,32,1,CR,0,normal
EV0380,cont01,contabilidad,10.9,30.6,1,0,CR,0,normal
EV0565,sopo03,soporte_de_equipos,22.58,155.4,12,1,CR,0,normal
EV1354,lega05,legal,11.17,11.0,3,0,CR,0,normal
EV1731,ti_i02,ti_infraestructura,3.18,309.7,14,1,CR,0,normal
EV1276,vent09,ventas_campo,11.66,113.6,4,0,CR,0,normal
EV1909,ti_i03,ti_infraestructura,1.32,221.3,20,1,CR,0,normal
EV0949,sopo03,soporte_de_equipos,9.38,106.6,9,0,CR,0,normal
EV0921,sopo02,soporte_de_equipos,23.9,109.1,11,1,CR,0,normal
EV0232,cont04,contabilidad,13.04,15.6,6,0,CR,0,normal
EV1319,vent09,ventas_campo,10.42,61.9,5,0,CR,0,normal
EV0383,cont07,contabilidad,9.44,36.7,2,0,CR,0,normal
EV1170,vent08,ventas_campo,16.22,93.9,5,0,GT,0,normal
EV1207,vent02,ventas_campo,21.66,73.6,5,1,CR,0,normal
EV0073,cont11,contabilidad,8.06,23.7,3,0,CR,0,normal
EV0071,cont10,contabilidad,5.01,40.7,5,1,CR,0,normal
EV1345,lega01,legal,8.74,26.3,2,0,CR,0,normal
EV1017,vent02,ventas_campo,22.67,54.1,6,1,GT,0,normal
EV0172,cont02,contabilidad,10.59,53.6,4,0,CR,0,normal
EV1135,vent06,ventas_campo,18.89,79.7,5,0,CR,0,normal
EV0169,cont04,contabilidad,10.63,43.1,4,0,CR,0,normal
EV0494,cont08,contabilidad,8.86,44.5,5,0,CR,0,normal
EV1349,lega05,legal,11.65,36.3,3,0,CR,0,normal
EV1021,vent03,ventas_campo,13.16,52.7,9,0,CR,0,normal
EV0986,vent08,ventas_campo,14.69,53.1,8,0,CR,0,normal
EV0894,sopo01,soporte_de_equipos,18.48,111.7,13,0,CR,0,normal
EV0273,cont03,contabilidad,12.47,16.3,7,0,CR,0,normal
EV1288,vent04,ventas_campo,12.26,66.1,3,0,GT,0,normal
EV0421,cont14,contabilidad,8.51,9.1,5,0,CR,0,normal
EV0095,cont04,contabilidad,10.16,31.2,7,0,CR,0,normal
EV1543,lega04,legal,10.02,24.3,5,0,CR,0,normal
EV1574,lega01,legal,10.96,7.4,2,0,CR,0,normal
EV1585,lega06,legal,11.2,18.4,2,0,CR,0,normal
EV0043,cont09,contabilidad,9.89,29.8,6,0,CR,0,normal
EV0057,cont10,contabilidad,8.69,44.5,1,0,CR,0,normal
EV1947,ti_i01,ti_infraestructura,4.81,286.7,29,1,CR,0,normal
EV1103,vent09,ventas_campo,14.97,41.0,7,0,CR,0,normal
EV1864,ti_i06,ti_infraestructura,2.62,374.1,26,1,CR,0,normal
EV1281,vent08,ventas_campo,15.15,65.8,5,0,CR,0,normal
EV0889,sopo10,soporte_de_equipos,14.48,98.6,12,0,CR,0,normal
EV0575,sopo08,soporte_de_equipos,12.74,131.8,14,0,CR,0,normal
EV0039,cont06,contabilidad,10.42,24.9,6,0,CR,0,normal
EV0307,cont03,contabilidad,10.15,31.8,3,0,CR,0,normal
EV1006,vent07,ventas_campo,16.05,87.2,4,0,GT,0,normal
EV0007,cont03,contabilidad,10.87,12.1,2,0,CR,0,normal
EV1178,vent07,ventas_campo,13.61,67.5,5,0,CR,0,normal
EV0783,sopo02,soporte_de_equipos,10.22,126.4,12,0,CR,0,normal
EV0409,cont05,contabilidad,10.96,44.2,4,0,CR,0,normal
EV1267,vent01,ventas_campo,13.37,59.3,5,0,PA,0,normal
EV0782,sopo06,soporte_de_equipos,22.3,151.7,9,1,CR,0,normal
EV0167,cont12,contabilidad,9.74,35.2,5,0,CR,0,normal
EV0535,sopo04,soporte_de_equipos,14.02,129.8,8,0,CR,0,normal
EV0584,sopo09,soporte_de_equipos,15.99,130.8,11,0,CR,0,normal
EV1331,lega06,legal,11.42,30.2,4,0,CR,0,normal
EV1898,ti_i01,ti_infraestructura,3.07,400.1,25,1,CR,0,normal
EV1420,lega04,legal,11.85,18.5,3,0,CR,0,normal
EV1229,vent09,ventas_campo,16.51,56.0,6,0,CR,0,normal
EV1799,ti_i02,ti_infraestructura,2.64,314.1,23,1,CR,0,normal
EV1886,ti_i01,ti_infraestructura,0.9,287.6,23,1,CR,0,normal
EV1619,lega06,legal,10.49,20.1,5,0,CR,0,normal
EV1115,vent08,ventas_campo,10.17,56.8,7,0,CR,0,normal
EV1068,vent08,ventas_campo,15.28,72.3,6,0,NI,0,normal
EV0814,sopo06,soporte_de_equipos,16.85,154.5,10,0,CR,0,normal
EV0317,cont09,contabilidad,8.57,37.6,5,0,CR,0,normal
EV1280,vent04,ventas_campo,20.97,55.4,5,1,CR,0,normal
EV1717,ti_i05,ti_infraestructura,1.76,306.7,28,1,CR,0,normal
EV0517,cont06,contabilidad,9.82,17.1,4,0,CR,0,normal
EV1848,ti_i03,ti_infraestructura,1.23,242.8,22,1,CR,0,normal
EV1664,ti_i06,ti_infraestructura,3.03,410.7,21,1,CR,0,normal
EV1563,lega03,legal,10.1,25.7,3,0,CR,0,normal
EV0534,sopo04,soporte_de_equipos,13.46,129.4,12,0,CR,0,normal
EV0174,cont12,contabilidad,8.27,28.3,2,0,CR,0,normal
EV1040,vent10,ventas_campo,16.89,78.1,7,0,GT,0,normal
EV0272,cont03,contabilidad,10.31,29.6,4,0,CR,0,normal
EV0549,sopo06,soporte_de_equipos,8.59,106.3,13,0,CR,0,normal
EV0669,sopo03,soporte_de_equipos,13.65,87.9,17,0,CR,0,normal
EV1633,lega08,legal,11.87,15.0,3,0,CR,0,normal
EV0454,cont05,contabilidad,11.65,40.8,6,0,CR,0,normal
EV0965,vent03,ventas_campo,11.94,77.4,6,0,CR,0,normal
EV0607,sopo11,soporte_de_equipos,18.21,123.6,13,0,CR,0,normal
EV1693,ti_i02,ti_infraestructura,1.95,309.5,25,1,CR,0,normal
EV1626,lega01,legal,11.34,11.3,2,0,CR,0,normal
EV0805,sopo02,soporte_de_equipos,23.9,120.0,11,1,CR,0,normal
EV0599,sopo02,soporte_de_equipos,19.2,94.7,12,1,CR,0,normal
EV1034,vent01,ventas_campo,18.01,49.7,6,0,GT,0,normal
EV1599,lega03,legal,10.42,21.9,1,0,CR,0,normal
EV1264,vent01,ventas_campo,11.35,46.6,5,0,CR,0,normal
EV0752,sopo07,soporte_de_equipos,14.0,112.3,12,0,CR,0,normal
EV0571,sopo01,soporte_de_equipos,16.28,172.1,9,0,CR,0,normal
EV0976,vent10,ventas_campo,13.35,80.1,8,0,GT,0,normal
EV0075,cont01,contabilidad,10.75,47.4,5,0,CR,0,normal
EV0062,cont08,contabilidad,11.1,36.9,6,0,CR,0,normal
EV1835,ti_i04,ti_infraestructura,4.17,320.4,14,1,CR,0,normal
EV0537,sopo09,soporte_de_equipos,13.8,132.8,12,0,CR,0,normal
EV1978,svc_respaldo,ti_infraestructura,3.11,712.4,60,1,CR,0,respaldo_programado
EV0810,sopo02,soporte_de_equipos,20.56,116.1,15,1,CR,0,normal
EV0245,cont03,contabilidad,10.47,29.3,3,0,CR,0,normal
EV1096,vent11,ventas_campo,12.57,52.6,6,0,CR,0,normal
EV1439,lega08,legal,12.68,28.4,3,0,CR,0,normal
EV0106,cont11,contabilidad,8.53,49.3,5,0,CR,0,normal
EV0674,sopo02,soporte_de_equipos,15.74,122.9,17,0,CR,0,normal
EV0643,sopo04,soporte_de_equipos,19.53,96.3,10,1,CR,0,normal
EV1279,vent07,ventas_campo,17.48,98.9,11,0,CR,0,normal
EV0666,sopo10,soporte_de_equipos,16.72,97.1,12,0,CR,0,normal
EV0510,cont02,contabilidad,12.02,36.2,1,0,CR,0,normal
EV0132,cont08,contabilidad,9.48,37.6,3,0,CR,0,normal
EV0445,cont07,contabilidad,10.59,35.8,6,0,CR,0,normal
EV0867,sopo01,soporte_de_equipos,2.1,104.2,16,1,CR,0,normal
EV1995,cont03,contabilidad,21.4,210.0,34,1,NG,1,incidente_confirmado
EV1767,ti_i01,ti_infraestructura,5.55,299.5,25,1,CR,0,normal
EV0058,cont03,contabilidad,9.86,28.8,4,0,CR,0,normal
EV1649,lega05,legal,9.77,8.3,3,0,CR,0,normal
EV1532,lega05,legal,11.2,17.8,4,0,CR,0,normal
EV1126,vent07,ventas_campo,15.52,68.4,6,0,CR,0,normal
EV0087,cont07,contabilidad,9.08,34.0,4,0,CR,0,normal
EV1882,ti_i04,ti_infraestructura,4.71,312.2,33,1,CR,0,normal
EV0772,sopo04,soporte_de_equipos,23.9,131.4,18,1,CR,0,normal
EV1224,vent04,ventas_campo,17.52,63.0,6,0,CR,0,normal
EV0709,sopo08,soporte_de_equipos,13.18,128.8,13,0,CR,0,normal
EV1549,lega07,legal,8.55,36.0,3,0,CR,0,normal
EV1332,lega01,legal,10.08,22.5,2,0,CR,0,normal
EV1554,lega01,legal,13.14,25.4,5,0,CR,0,normal
EV0539,sopo10,soporte_de_equipos,14.86,142.4,8,0,CR,0,normal
EV1428,lega06,legal,11.94,18.8,3,0,CR,0,normal
EV1172,vent10,ventas_campo,13.81,34.6,3,0,CR,0,normal
EV1545,lega08,legal,12.9,6.0,3,0,CR,0,normal
EV1299,vent04,ventas_campo,13.87,92.6,6,0,GT,0,normal
EV0419,cont11,contabilidad,10.44,40.0,4,0,CR,0,normal
EV1951,ti_i02,ti_infraestructura,2.26,198.7,22,1,CR,0,normal
EV1694,ti_i04,ti_infraestructura,3.87,317.1,20,1,CR,0,normal
EV1450,lega05,legal,9.24,12.2,5,0,CR,0,normal
EV0852,sopo05,soporte_de_equipos,15.57,122.6,11,0,CR,0,normal
EV1738,ti_i04,ti_infraestructura,6.2,280.1,26,1,CR,0,normal
EV1715,ti_i02,ti_infraestructura,1.47,240.2,21,1,CR,0,normal
EV1680,ti_i03,ti_infraestructura,3.35,284.6,31,1,CR,0,normal
EV1751,ti_i04,ti_infraestructura,4.91,467.0,19,1,CR,0,normal
EV1756,ti_i02,ti_infraestructura,4.58,258.8,33,1,CR,0,normal
EV1718,ti_i05,ti_infraestructura,5.33,175.1,21,1,CR,0,normal
EV1784,ti_i02,ti_infraestructura,2.1,274.9,19,1,CR,0,normal
EV0305,cont04,contabilidad,9.68,16.3,2,0,CR,0,normal
EV1507,lega06,legal,10.99,24.8,2,0,CR,0,normal
EV0336,cont04,contabilidad,9.93,41.4,5,0,CR,0,normal
EV0996,vent02,ventas_campo,17.32,79.7,5,0,CR,0,normal
EV0570,sopo11,soporte_de_equipos,17.32,153.4,9,0,CR,0,normal
EV0089,cont12,contabilidad,8.9,41.4,2,0,CR,0,normal
EV0875,sopo11,soporte_de_equipos,18.25,143.5,14,0,CR,0,normal
EV1618,lega01,legal,10.99,19.7,3,0,CR,0,normal
EV1514,lega06,legal,9.77,5.9,2,0,CR,0,normal
EV0713,sopo02,soporte_de_equipos,5.52,125.6,11,1,CR,0,normal
EV1735,ti_i06,ti_infraestructura,4.9,347.4,21,1,CR,0,normal
EV1838,ti_i03,ti_infraestructura,1.06,221.7,21,1,CR,0,normal
EV1372,lega02,legal,10.44,16.0,2,0,CR,0,normal
EV0222,cont11,contabilidad,8.17,51.2,6,0,CR,0,normal
EV0320,cont13,contabilidad,8.29,40.1,5,0,CR,0,normal
EV1744,ti_i04,ti_infraestructura,2.9,468.6,29,1,CR,0,normal
EV0879,sopo02,soporte_de_equipos,13.99,139.9,11,0,CR,0,normal
EV1790,ti_i01,ti_infraestructura,2.74,329.0,18,1,CR,0,normal
EV0826,sopo04,soporte_de_equipos,11.22,122.7,15,0,CR,0,normal
EV1972,svc_respaldo,ti_infraestructura,2.8,969.3,68,1,CR,0,respaldo_programado
EV1458,lega01,legal,13.06,17.0,4,0,CR,0,normal
EV0139,cont06,contabilidad,10.72,41.7,3,0,CR,0,normal
EV0164,cont11,contabilidad,10.04,21.4,6,0,CR,0,normal
EV1893,ti_i01,ti_infraestructura,3.19,248.6,34,1,CR,0,normal
EV1698,ti_i05,ti_infraestructura,4.63,279.9,26,1,CR,0,normal
EV0961,vent06,ventas_campo,13.99,63.5,3,0,CR,0,normal
EV1692,ti_i03,ti_infraestructura,3.14,252.7,17,1,CR,0,normal
EV1234,vent03,ventas_campo,15.27,39.4,6,0,CR,0,normal
EV1171,vent03,ventas_campo,16.86,73.6,6,0,CR,0,normal
EV1917,ti_i04,ti_infraestructura,0.18,241.1,17,1,CR,0,normal
EV1529,lega08,legal,12.45,12.5,3,0,CR,0,normal
EV1793,ti_i03,ti_infraestructura,5.43,108.1,34,1,CR,0,normal
EV0634,sopo06,soporte_de_equipos,23.9,61.2,12,1,CR,0,normal
EV1180,vent06,ventas_campo,19.16,57.0,4,1,CR,0,normal
EV0656,sopo11,soporte_de_equipos,13.35,123.0,11,0,CR,0,normal
EV0017,cont09,contabilidad,10.28,27.1,4,0,CR,0,normal
EV1620,lega05,legal,9.94,23.5,4,0,CR,0,normal
EV1157,vent09,ventas_campo,12.86,70.9,5,0,CR,0,normal
EV0138,cont01,contabilidad,10.98,41.0,5,0,CR,0,normal
EV1286,vent09,ventas_campo,19.56,66.8,3,1,PA,0,normal
EV0698,sopo02,soporte_de_equipos,8.22,150.9,13,0,CR,0,normal
EV1098,vent07,ventas_campo,19.64,49.3,9,1,CR,0,normal
EV1605,lega03,legal,9.24,37.4,3,0,CR,0,normal
EV0449,cont11,contabilidad,7.81,40.3,2,0,CR,0,normal
EV1883,ti_i05,ti_infraestructura,0.42,316.0,36,1,CR,0,normal
EV0328,cont13,contabilidad,9.82,43.3,8,0,CR,0,normal
EV0318,cont02,contabilidad,10.9,21.4,3,0,CR,0,normal
EV1865,ti_i05,ti_infraestructura,1.0,255.0,30,1,CR,0,normal
EV0527,sopo11,soporte_de_equipos,15.16,124.4,13,0,CR,0,normal
EV0088,cont06,contabilidad,10.4,45.2,4,0,CR,0,normal
EV1625,lega04,legal,12.83,31.9,2,0,CR,0,normal
EV0149,cont10,contabilidad,10.15,28.5,4,0,CR,0,normal
EV1612,lega06,legal,11.15,36.5,4,0,CR,0,normal
EV1200,vent01,ventas_campo,16.11,52.8,11,0,CR,0,normal
EV1634,lega04,legal,10.89,18.6,3,0,CR,0,normal
EV0366,cont05,contabilidad,9.91,36.9,6,0,CR,0,normal
EV0590,sopo07,soporte_de_equipos,19.94,113.8,13,1,CR,0,normal
EV1503,lega02,legal,11.24,16.0,3,0,CR,0,normal
EV0199,cont13,contabilidad,7.33,24.1,5,0,CR,0,normal
EV1884,ti_i06,ti_infraestructura,4.33,426.8,14,1,CR,0,normal
EV0193,cont04,contabilidad,11.26,26.7,4,0,CR,0,normal
EV0405,cont11,contabilidad,11.1,49.5,5,0,CR,0,normal
EV1565,lega04,legal,9.21,24.6,4,0,CR,0,normal
EV1973,svc_respaldo,ti_infraestructura,3.95,970.0,68,1,CR,0,respaldo_programado
EV0484,cont01,contabilidad,8.62,30.5,7,0,CR,0,normal
EV1944,ti_i04,ti_infraestructura,3.82,413.4,23,1,CR,0,normal
EV0792,sopo02,soporte_de_equipos,14.61,167.2,13,0,CR,0,normal
EV0800,sopo05,soporte_de_equipos,8.51,138.0,12,0,CR,0,normal
EV0385,cont08,contabilidad,10.11,61.3,7,0,CR,0,normal
EV0751,sopo08,soporte_de_equipos,10.74,147.8,10,0,CR,0,normal
EV0423,cont05,contabilidad,9.56,28.4,5,0,CR,0,normal
EV0315,cont06,contabilidad,10.87,31.2,2,0,CR,0,normal
EV1022,vent06,ventas_campo,12.43,97.1,5,0,CR,0,normal
EV0544,sopo09,soporte_de_equipos,4.07,145.3,10,1,CR,0,normal
EV0914,sopo04,soporte_de_equipos,15.81,155.0,15,0,CR,0,normal
EV0663,sopo03,soporte_de_equipos,16.12,95.1,15,0,CR,0,normal
EV0903,sopo07,soporte_de_equipos,16.12,155.2,10,0,CR,0,normal
EV1389,lega07,legal,14.81,14.0,3,0,CR,0,normal
EV0686,sopo04,soporte_de_equipos,14.31,158.4,13,0,CR,0,normal
EV1667,ti_i02,ti_infraestructura,4.46,319.1,28,1,CR,0,normal
EV0160,cont11,contabilidad,8.3,38.1,3,0,CR,0,normal
EV1000,vent04,ventas_campo,15.29,38.1,3,0,PA,0,normal
EV1587,lega04,legal,12.07,27.2,5,0,CR,0,normal
EV1766,ti_i06,ti_infraestructura,4.56,246.6,33,1,CR,0,normal
EV0203,cont14,contabilidad,10.94,31.9,3,0,CR,0,normal
EV1024,vent12,ventas_campo,17.26,24.9,5,0,PA,0,normal
EV1524,lega04,legal,12.67,21.0,4,0,CR,0,normal
EV1181,vent10,ventas_campo,14.98,47.2,5,0,CR,0,normal
EV0113,cont07,contabilidad,8.42,27.3,1,0,CR,0,normal
EV1796,ti_i02,ti_infraestructura,2.55,219.0,30,1,CR,0,normal
EV1226,vent02,ventas_campo,11.23,31.2,7,0,CR,0,normal
EV0981,vent11,ventas_campo,14.77,35.3,6,0,NI,0,normal
EV0923,sopo10,soporte_de_equipos,2.15,104.5,17,1,CR,0,normal
EV1476,lega01,legal,10.46,20.2,3,0,CR,0,normal
EV1579,lega03,legal,10.59,17.6,2,0,CR,0,normal
EV1409,lega02,legal,11.61,27.2,3,0,CR,0,normal
EV1740,ti_i03,ti_infraestructura,2.87,325.4,22,1,CR,0,normal
EV0816,sopo11,soporte_de_equipos,14.17,86.8,8,0,CR,0,normal
EV1448,lega06,legal,11.54,3.3,3,0,CR,0,normal
EV1422,lega08,legal,10.88,20.0,3,0,CR,0,normal
EV0680,sopo04,soporte_de_equipos,16.18,82.5,21,0,CR,0,normal
EV1094,vent02,ventas_campo,13.95,82.1,6,0,PA,0,normal
EV0081,cont10,contabilidad,13.01,30.0,4,0,CR,0,normal
EV1749,ti_i01,ti_infraestructura,3.52,390.2,23,1,CR,0,normal
EV1335,lega06,legal,11.94,18.6,3,0,CR,0,normal
EV1523,lega07,legal,10.22,29.6,3,0,CR,0,normal
EV0753,sopo03,soporte_de_equipos,8.45,147.2,8,0,CR,0,normal
EV1347,lega01,legal,11.67,25.9,4,0,CR,0,normal
EV1055,vent07,ventas_campo,14.22,58.1,6,0,GT,0,normal
EV0243,cont03,contabilidad,8.78,40.5,2,0,CR,0,normal
EV1333,lega01,legal,11.7,8.1,4,0,CR,0,normal
EV0642,sopo01,soporte_de_equipos,12.4,131.3,15,0,CR,0,normal
EV0697,sopo06,soporte_de_equipos,11.95,107.7,12,0,CR,0,normal
EV0210,cont14,contabilidad,9.18,36.2,4,0,CR,0,normal
EV1997,cont11,contabilidad,22.8,240.0,41,1,VN,1,incidente_confirmado
EV0771,sopo01,soporte_de_equipos,19.05,129.8,9,1,CR,0,normal
EV1743,ti_i01,ti_infraestructura,4.19,345.2,35,1,CR,0,normal
EV0436,cont04,contabilidad,8.07,49.4,2,0,CR,0,normal
EV1064,vent11,ventas_campo,15.29,93.6,7,0,CR,0,normal
EV0975,vent12,ventas_campo,13.22,77.0,6,0,PA,0,normal
EV0552,sopo09,soporte_de_equipos,3.57,104.7,12,1,CR,0,normal
EV1386,lega07,legal,11.82,15.5,1,0,CR,0,normal
EV1540,lega03,legal,10.38,35.6,3,0,CR,0,normal
EV1014,vent11,ventas_campo,17.44,49.5,7,0,CR,0,normal
EV1874,ti_i04,ti_infraestructura,3.49,172.5,33,1,CR,0,normal
EV0467,cont04,contabilidad,11.17,34.1,3,0,CR,0,normal
EV1467,lega05,legal,12.05,29.4,5,0,CR,0,normal
EV1298,vent03,ventas_campo,13.9,51.1,7,0,NI,0,normal
EV0278,cont01,contabilidad,10.53,49.2,1,0,CR,0,normal
EV1070,vent03,ventas_campo,17.62,76.8,4,0,CR,0,normal
EV1018,vent04,ventas_campo,14.0,69.3,8,0,CR,0,normal
EV1314,vent08,ventas_campo,12.82,49.3,5,0,PA,0,normal
EV0723,sopo09,soporte_de_equipos,10.02,120.5,4,0,CR,0,normal
EV1940,ti_i03,ti_infraestructura,1.43,285.9,24,1,CR,0,normal
EV0787,sopo07,soporte_de_equipos,18.53,101.8,15,0,CR,0,normal
EV1536,lega01,legal,12.18,20.6,2,0,CR,0,normal
EV1669,ti_i03,ti_infraestructura,4.64,351.7,32,1,CR,0,normal
EV1361,lega02,legal,8.42,33.0,1,0,CR,0,normal
EV1295,vent12,ventas_campo,13.6,42.8,7,0,CR,0,normal
EV0907,sopo05,soporte_de_equipos,4.69,132.6,7,1,CR,0,normal
EV0564,sopo03,soporte_de_equipos,15.62,109.9,12,0,CR,0,normal
EV0389,cont07,contabilidad,12.43,37.5,4,0,CR,0,normal
EV0023,cont13,contabilidad,10.77,42.8,7,0,CR,0,normal
EV1960,ti_i01,ti_infraestructura,1.33,369.2,15,1,CR,0,normal
EV0125,cont05,contabilidad,6.28,44.1,1,1,CR,0,normal
EV1447,lega02,legal,10.43,33.2,3,0,CR,0,normal
EV0774,sopo02,soporte_de_equipos,17.67,143.4,11,0,CR,0,normal
EV0881,sopo02,soporte_de_equipos,13.37,83.3,14,0,CR,0,normal
EV1145,vent07,ventas_campo,12.2,56.1,2,0,CR,0,normal
EV1167,vent03,ventas_campo,15.41,42.4,7,0,NI,0,normal
EV0051,cont14,contabilidad,8.39,52.7,1,0,CR,0,normal
EV1387,lega04,legal,10.94,27.1,4,0,CR,0,normal
EV1449,lega08,legal,11.66,6.0,3,0,CR,0,normal
EV1106,vent09,ventas_campo,14.74,89.6,5,0,CR,0,normal
EV0704,sopo06,soporte_de_equipos,8.18,148.3,9,0,CR,0,normal
EV0483,cont08,contabilidad,10.63,27.3,5,0,CR,0,normal
EV1146,vent03,ventas_campo,9.78,83.1,7,0,CR,0,normal
EV1899,ti_i01,ti_infraestructura,1.26,198.4,18,1,CR,0,normal
EV0067,cont05,contabilidad,11.6,28.8,3,0,CR,0,normal
EV1710,ti_i05,ti_infraestructura,5.49,265.4,25,1,CR,0,normal
EV0734,sopo02,soporte_de_equipos,20.25,167.4,14,1,CR,0,normal
EV1773,ti_i05,ti_infraestructura,4.03,291.6,28,1,CR,0,normal
EV0802,sopo03,soporte_de_equipos,23.79,106.9,12,1,CR,0,normal
EV1976,svc_respaldo,ti_infraestructura,1.5,928.3,68,1,CR,0,respaldo_programado
EV1755,ti_i02,ti_infraestructura,2.63,291.5,32,1,CR,0,normal
EV0908,sopo06,soporte_de_equipos,9.04,106.1,17,0,CR,0,normal
EV0032,cont05,contabilidad,11.04,35.6,4,0,CR,0,normal
EV0418,cont11,contabilidad,9.75,30.9,4,0,CR,0,normal
EV0882,sopo10,soporte_de_equipos,17.15,95.0,11,0,CR,0,normal
EV0633,sopo02,soporte_de_equipos,19.1,91.3,11,1,CR,0,normal
EV1621,lega02,legal,12.37,23.1,3,0,CR,0,normal
EV1430,lega02,legal,13.16,18.5,4,0,CR,0,normal
EV0065,cont08,contabilidad,11.01,32.9,3,0,CR,0,normal
EV1611,lega02,legal,11.83,12.4,5,0,CR,0,normal
EV1596,lega05,legal,11.36,7.1,3,0,CR,0,normal
EV0078,cont12,contabilidad,10.8,28.8,3,0,CR,0,normal
EV0492,cont12,contabilidad,7.76,28.7,4,0,CR,0,normal
EV1868,ti_i01,ti_infraestructura,4.38,352.7,21,1,CR,0,normal
EV1516,lega01,legal,10.25,13.8,3,0,CR,0,normal
EV0533,sopo01,soporte_de_equipos,10.56,106.1,7,0,CR,0,normal
EV0066,cont10,contabilidad,8.52,32.3,5,0,CR,0,normal
EV1679,ti_i03,ti_infraestructura,5.16,264.2,30,1,CR,0,normal
EV0297,cont09,contabilidad,9.86,39.3,4,0,CR,0,normal
EV0592,sopo05,soporte_de_equipos,18.17,137.9,14,0,CR,0,normal
EV0768,sopo08,soporte_de_equipos,8.82,125.8,10,0,CR,0,normal
EV0725,sopo09,soporte_de_equipos,11.45,118.2,16,0,CR,0,normal
EV1930,ti_i04,ti_infraestructura,0.03,229.0,18,1,CR,0,normal
EV0627,sopo01,soporte_de_equipos,9.5,110.4,6,0,CR,0,normal
EV1942,ti_i06,ti_infraestructura,1.95,288.3,19,1,CR,0,normal
EV1934,ti_i03,ti_infraestructura,0.0,314.9,35,1,CR,0,normal
EV1213,vent02,ventas_campo,14.68,82.6,5,0,CR,0,normal
EV1601,lega03,legal,12.03,7.7,2,0,CR,0,normal
EV0252,cont13,contabilidad,9.48,25.2,5,0,CR,0,normal
EV1808,ti_i01,ti_infraestructura,1.15,269.1,17,1,CR,0,normal
EV1306,vent12,ventas_campo,15.86,96.6,7,0,CR,0,normal
EV1891,ti_i04,ti_infraestructura,1.24,361.9,18,1,CR,0,normal
EV0983,vent07,ventas_campo,18.03,83.4,8,0,CR,0,normal
EV1761,ti_i06,ti_infraestructura,1.84,252.2,26,1,CR,0,normal
EV0707,sopo09,soporte_de_equipos,16.57,169.7,14,0,CR,0,normal
EV0488,cont04,contabilidad,11.27,35.3,4,0,CR,0,normal
EV0274,cont12,contabilidad,9.71,39.1,4,0,CR,0,normal
EV1496,lega02,legal,10.32,2.8,5,0,CR,0,normal
EV1805,ti_i03,ti_infraestructura,5.31,189.5,26,1,CR,0,normal
EV0964,vent10,ventas_campo,14.33,50.4,7,0,CR,0,normal
EV0878,sopo07,soporte_de_equipos,16.39,100.9,12,0,CR,0,normal
EV1950,ti_i01,ti_infraestructura,3.3,228.8,30,1,CR,0,normal
EV1801,ti_i06,ti_infraestructura,4.83,337.3,15,1,CR,0,normal
EV0412,cont07,contabilidad,9.22,22.9,5,0,CR,0,normal
EV0668,sopo04,soporte_de_equipos,14.04,165.6,14,0,CR,0,normal
EV1263,vent10,ventas_campo,13.23,73.9,7,0,NI,0,normal
EV0150,cont09,contabilidad,10.76,33.3,2,0,CR,0,normal
EV0645,sopo07,soporte_de_equipos,20.53,164.0,14,1,CR,0,normal
EV1594,lega04,legal,11.34,23.9,4,0,CR,0,normal
EV0219,cont07,contabilidad,11.06,31.3,3,0,CR,0,normal
EV0240,cont09,contabilidad,10.2,23.1,6,0,CR,0,normal
EV1132,vent01,ventas_campo,18.2,59.8,5,0,CR,0,normal
EV1217,vent05,ventas_campo,11.95,66.3,1,0,PA,0,normal
EV0793,sopo09,soporte_de_equipos,20.6,179.3,8,1,CR,0,normal
EV0192,cont04,contabilidad,9.92,22.5,5,0,CR,0,normal
EV0334,cont11,contabilidad,9.53,35.7,5,0,CR,0,normal
EV1313,vent11,ventas_campo,16.42,87.1,7,0,CR,0,normal
EV1316,vent10,ventas_campo,17.66,61.7,6,0,CR,0,normal
EV0963,vent05,ventas_campo,14.13,56.0,6,0,CR,0,normal
EV1498,lega08,legal,11.75,1.5,4,0,CR,0,normal
EV1938,ti_i03,ti_infraestructura,1.5,301.5,33,1,CR,0,normal
EV1641,lega06,legal,10.72,32.9,3,0,CR,0,normal
EV1606,lega01,legal,7.97,16.1,2,0,CR,0,normal
EV0583,sopo08,soporte_de_equipos,20.68,130.5,13,1,CR,0,normal
EV1897,ti_i05,ti_infraestructura,2.43,318.8,30,1,CR,0,normal
EV1655,lega04,legal,11.85,33.5,2,0,CR,0,normal
EV0840,sopo03,soporte_de_equipos,17.13,144.7,13,0,CR,0,normal
EV0628,sopo11,soporte_de_equipos,6.99,93.4,11,1,CR,0,normal
EV0324,cont06,contabilidad,9.24,43.5,3,0,CR,0,normal
EV1632,lega07,legal,11.72,18.7,3,0,CR,0,normal
EV1161,vent01,ventas_campo,15.24,64.6,6,0,CR,0,normal
EV0779,sopo04,soporte_de_equipos,18.94,111.6,11,0,CR,0,normal
EV1077,vent11,ventas_campo,7.09,61.5,4,0,CR,0,normal
EV0940,sopo07,soporte_de_equipos,20.62,99.8,5,1,CR,0,normal
EV0438,cont01,contabilidad,11.01,44.8,3,0,CR,0,normal
EV0120,cont04,contabilidad,10.18,49.3,4,0,CR,0,normal
EV1967,svc_respaldo,ti_infraestructura,3.34,928.0,76,1,CR,0,respaldo_programado
EV1553,lega07,legal,10.95,24.2,2,0,CR,0,normal
EV1027,vent09,ventas_campo,16.55,77.6,9,0,CR,0,normal
EV1254,vent01,ventas_campo,14.8,51.3,5,0,CR,0,normal
EV1369,lega02,legal,11.27,22.5,2,0,CR,0,normal
EV0077,cont13,contabilidad,10.13,44.3,2,0,CR,0,normal
EV1054,vent01,ventas_campo,14.5,77.2,8,0,CR,0,normal
EV0901,sopo02,soporte_de_equipos,14.58,183.2,2,0,CR,0,normal
EV0372,cont10,contabilidad,10.3,39.1,6,0,CR,0,normal
EV1851,ti_i05,ti_infraestructura,3.88,340.3,21,1,CR,0,normal
EV1432,lega01,legal,10.9,24.3,4,0,CR,0,normal
EV1963,ti_i04,ti_infraestructura,4.27,302.8,24,1,CR,0,normal
EV0942,sopo06,soporte_de_equipos,12.49,153.5,11,0,CR,0,normal
EV0578,sopo06,soporte_de_equipos,13.95,118.4,11,0,CR,0,normal
EV0820,sopo09,soporte_de_equipos,17.12,89.1,11,0,CR,0,normal
EV1459,lega03,legal,10.05,17.1,4,0,CR,0,normal
EV1481,lega04,legal,11.74,12.7,2,0,CR,0,normal
EV1721,ti_i05,ti_infraestructura,2.18,278.9,26,1,CR,0,normal
EV1370,lega02,legal,9.8,29.3,5,0,CR,0,normal
EV0887,sopo05,soporte_de_equipos,16.42,95.4,10,0,CR,0,normal
EV0969,vent09,ventas_campo,16.03,43.5,6,0,CR,0,normal
EV1700,ti_i02,ti_infraestructura,0.77,352.6,29,1,CR,0,normal
EV0786,sopo11,soporte_de_equipos,20.38,150.6,7,1,CR,0,normal
EV1754,ti_i05,ti_infraestructura,1.52,308.1,34,1,CR,0,normal
EV1689,ti_i06,ti_infraestructura,4.43,269.2,37,1,CR,0,normal
EV0302,cont13,contabilidad,9.28,35.9,6,0,CR,0,normal
EV0690,sopo03,soporte_de_equipos,12.48,144.6,13,0,CR,0,normal
EV0813,sopo05,soporte_de_equipos,5.21,138.8,6,1,CR,0,normal
EV1062,vent06,ventas_campo,13.68,67.6,6,0,NI,0,normal
EV0237,cont14,contabilidad,10.18,42.4,3,0,CR,0,normal
EV1116,vent03,ventas_campo,15.38,60.0,5,0,CR,0,normal
EV1346,lega04,legal,10.31,23.0,3,0,CR,0,normal
EV0500,cont01,contabilidad,9.23,31.0,1,0,CR,0,normal
EV1646,lega08,legal,12.63,21.1,2,0,CR,0,normal
EV1080,vent10,ventas_campo,13.11,62.5,4,0,CR,0,normal
EV1327,vent09,ventas_campo,11.13,55.3,9,0,CR,0,normal
EV0795,sopo05,soporte_de_equipos,0.73,135.9,14,1,CR,0,normal
EV1911,ti_i06,ti_infraestructura,0.67,431.1,29,1,CR,0,normal
EV1521,lega02,legal,10.15,29.9,2,0,CR,0,normal
EV1919,ti_i04,ti_infraestructura,2.35,219.0,27,1,CR,0,normal
EV0991,vent04,ventas_campo,16.17,81.0,7,0,CR,0,normal
EV1362,lega06,legal,10.07,19.2,4,0,CR,0,normal
EV0935,sopo11,soporte_de_equipos,4.59,113.0,10,1,CR,0,normal
EV0388,cont09,contabilidad,9.59,39.9,4,0,CR,0,normal
EV1460,lega07,legal,9.28,21.8,5,0,CR,0,normal
EV0391,cont02,contabilidad,11.9,31.3,4,0,CR,0,normal
EV0744,sopo09,soporte_de_equipos,15.0,112.4,13,0,CR,0,normal
EV0353,cont03,contabilidad,9.08,31.3,4,0,CR,0,normal
EV1218,vent07,ventas_campo,11.56,84.1,7,0,PA,0,normal
EV0236,cont05,contabilidad,10.01,36.7,5,0,CR,0,normal
EV1696,ti_i01,ti_infraestructura,3.42,331.4,21,1,CR,0,normal
EV0481,cont14,contabilidad,10.78,27.4,3,0,CR,0,normal
EV0568,sopo08,soporte_de_equipos,10.27,90.1,10,0,CR,0,normal
EV1141,vent08,ventas_campo,16.09,59.4,9,0,CR,0,normal
EV1671,ti_i06,ti_infraestructura,2.57,336.9,24,1,CR,0,normal
EV1852,ti_i02,ti_infraestructura,5.07,181.7,12,1,CR,0,normal
EV1556,lega01,legal,11.39,41.9,3,0,CR,0,normal
EV0121,cont03,contabilidad,9.19,50.3,4,0,CR,0,normal
EV1716,ti_i03,ti_infraestructura,1.67,213.2,29,1,CR,0,normal
EV1025,vent05,ventas_campo,12.66,60.4,6,0,PA,0,normal
EV1087,vent11,ventas_campo,14.58,51.2,8,0,PA,0,normal
EV1273,vent08,ventas_campo,16.23,64.7,7,0,PA,0,normal
EV0927,sopo04,soporte_de_equipos,10.85,169.6,8,0,CR,0,normal
EV0516,cont09,contabilidad,8.66,23.1,3,0,CR,0,normal
EV0224,cont11,contabilidad,9.64,19.4,3,0,CR,0,normal
EV1468,lega02,legal,11.23,23.2,2,0,CR,0,normal
EV0614,sopo11,soporte_de_equipos,17.0,147.7,10,0,CR,0,normal
EV0844,sopo03,soporte_de_equipos,6.86,95.5,10,1,CR,0,normal
EV1246,vent07,ventas_campo,14.73,62.3,8,0,NI,0,normal
EV0053,cont10,contabilidad,8.24,51.9,2,0,CR,0,normal
EV1832,ti_i03,ti_infraestructura,2.86,280.6,36,1,CR,0,normal
EV0486,cont02,contabilidad,9.5,32.8,3,0,CR,0,normal
EV1903,ti_i03,ti_infraestructura,2.22,201.9,22,1,CR,0,normal
EV0819,sopo04,soporte_de_equipos,15.43,181.5,16,0,CR,0,normal
EV0156,cont01,contabilidad,10.13,24.3,6,0,CR,0,normal
EV1367,lega08,legal,11.71,17.9,5,0,CR,0,normal
EV0601,sopo06,soporte_de_equipos,8.75,165.1,12,0,CR,0,normal
EV1592,lega01,legal,10.5,23.0,3,0,CR,0,normal
EV0249,cont04,contabilidad,8.89,27.6,4,0,CR,0,normal
EV0762,sopo06,soporte_de_equipos,19.87,182.4,8,1,CR,0,normal
EV1816,ti_i03,ti_infraestructura,7.86,413.3,18,0,CR,0,normal
EV1131,vent08,ventas_campo,15.59,42.9,8,0,CR,0,normal
EV0543,sopo09,soporte_de_equipos,9.85,129.9,9,0,CR,0,normal
EV0794,sopo06,soporte_de_equipos,13.04,117.3,10,0,CR,0,normal
EV1142,vent05,ventas_campo,15.97,74.1,5,0,NI,0,normal
EV1446,lega02,legal,11.75,16.3,4,0,CR,0,normal
EV0629,sopo03,soporte_de_equipos,7.55,168.5,13,0,CR,0,normal
EV0151,cont10,contabilidad,9.79,47.3,5,0,CR,0,normal
EV1678,ti_i04,ti_infraestructura,4.36,322.9,17,1,CR,0,normal
EV0292,cont02,contabilidad,10.88,27.1,6,0,CR,0,normal
EV0382,cont11,contabilidad,10.62,38.6,7,0,CR,0,normal
EV0687,sopo07,soporte_de_equipos,7.48,97.8,12,0,CR,0,normal
EV1368,lega05,legal,11.18,15.2,2,0,CR,0,normal
EV1225,vent09,ventas_campo,21.72,41.9,6,1,CR,0,normal
EV0898,sopo11,soporte_de_equipos,10.99,84.2,17,0,CR,0,normal
EV0855,sopo08,soporte_de_equipos,17.23,102.9,15,0,CR,0,normal
EV1072,vent10,ventas_campo,11.66,70.8,4,0,CR,0,normal
EV1985,svc_respaldo,ti_infraestructura,2.36,845.0,73,1,CR,0,respaldo_programado
EV1518,lega07,legal,11.06,26.6,2,0,CR,0,normal
EV1677,ti_i03,ti_infraestructura,0.59,281.5,26,1,CR,0,normal
EV0892,sopo05,soporte_de_equipos,20.27,129.9,12,1,CR,0,normal
EV1745,ti_i02,ti_infraestructura,1.58,282.2,31,1,CR,0,normal
EV1989,svc_respaldo,ti_infraestructura,3.99,834.7,58,1,CR,0,respaldo_programado
EV1365,lega04,legal,11.79,36.9,4,0,CR,0,normal
EV0616,sopo02,soporte_de_equipos,8.29,95.1,14,0,CR,0,normal
EV0155,cont07,contabilidad,9.74,41.4,1,0,CR,0,normal
EV1194,vent06,ventas_campo,15.0,33.9,7,0,CR,0,normal
EV1703,ti_i05,ti_infraestructura,1.53,297.3,27,1,CR,0,normal
EV1983,svc_respaldo,ti_infraestructura,3.16,823.1,61,1,CR,0,respaldo_programado
EV1769,ti_i06,ti_infraestructura,1.55,286.4,30,1,CR,0,normal
EV0323,cont13,contabilidad,7.93,45.8,5,0,CR,0,normal
EV1538,lega05,legal,11.02,18.0,4,0,CR,0,normal
EV1283,vent02,ventas_campo,15.24,55.2,8,0,CR,0,normal
EV0083,cont10,contabilidad,8.3,42.0,2,0,CR,0,normal
EV0513,cont14,contabilidad,10.82,46.1,6,0,CR,0,normal
EV1517,lega03,legal,9.38,11.5,3,0,CR,0,normal
EV1477,lega01,legal,10.49,25.5,4,0,CR,0,normal
EV0930,sopo06,soporte_de_equipos,13.11,132.4,12,0,CR,0,normal
EV1622,lega01,legal,10.92,20.9,5,0,CR,0,normal
EV1358,lega01,legal,12.27,12.7,3,0,CR,0,normal
EV0011,cont07,contabilidad,9.83,24.6,4,0,CR,0,normal
EV0832,sopo09,soporte_de_equipos,15.89,114.0,10,0,CR,0,normal
EV0033,cont13,contabilidad,8.1,34.7,6,0,CR,0,normal
EV1750,ti_i03,ti_infraestructura,4.33,328.6,30,1,CR,0,normal
EV0414,cont14,contabilidad,10.11,35.8,4,0,CR,0,normal
EV0581,sopo08,soporte_de_equipos,16.41,121.7,13,0,CR,0,normal
EV1407,lega07,legal,13.03,3.9,2,0,CR,0,normal
EV1915,ti_i01,ti_infraestructura,2.58,118.9,21,1,CR,0,normal
EV1564,lega01,legal,10.03,22.7,4,0,CR,0,normal
EV1894,ti_i03,ti_infraestructura,2.0,353.5,29,1,CR,0,normal
EV0615,sopo09,soporte_de_equipos,15.3,91.6,13,0,CR,0,normal
EV1046,vent02,ventas_campo,13.13,52.8,10,0,GT,0,normal
EV1403,lega04,legal,10.01,21.9,5,0,CR,0,normal
EV1015,vent04,ventas_campo,16.04,34.7,7,0,GT,0,normal
EV0090,cont14,contabilidad,9.37,28.1,5,0,CR,0,normal
EV1765,ti_i04,ti_infraestructura,4.45,251.3,20,1,CR,0,normal
EV0602,sopo03,soporte_de_equipos,9.45,165.7,9,0,CR,0,normal
EV1238,vent01,ventas_campo,10.99,88.8,2,0,CR,0,normal
EV1827,ti_i03,ti_infraestructura,4.48,314.8,25,1,CR,0,normal
EV0134,cont11,contabilidad,9.52,37.3,4,0,CR,0,normal
EV1371,lega08,legal,10.93,22.7,3,0,CR,0,normal
EV0556,sopo07,soporte_de_equipos,14.2,165.6,12,0,CR,0,normal
EV1032,vent11,ventas_campo,10.05,90.9,3,0,CR,0,normal
EV1557,lega05,legal,10.72,9.9,4,0,CR,0,normal
EV0321,cont09,contabilidad,8.07,24.9,4,0,CR,0,normal
EV1760,ti_i01,ti_infraestructura,0.98,439.5,30,1,CR,0,normal
EV1212,vent05,ventas_campo,12.92,84.2,6,0,CR,0,normal
EV1727,ti_i05,ti_infraestructura,3.25,417.5,27,1,CR,0,normal
EV0635,sopo04,soporte_de_equipos,12.87,132.6,20,0,CR,0,normal
EV0553,sopo03,soporte_de_equipos,11.96,113.8,9,0,CR,0,normal
EV1329,vent02,ventas_campo,16.41,93.7,10,0,CR,0,normal
EV1056,vent07,ventas_campo,14.21,56.3,3,0,NI,0,normal
EV1550,lega02,legal,12.21,16.8,4,0,CR,0,normal
EV0797,sopo07,soporte_de_equipos,12.59,124.2,13,0,CR,0,normal
EV1652,lega02,legal,12.13,15.5,5,0,CR,0,normal
EV1265,vent03,ventas_campo,12.36,48.0,7,0,CR,0,normal
EV1701,ti_i02,ti_infraestructura,4.06,194.7,24,1,CR,0,normal
EV0175,cont07,contabilidad,9.01,38.6,4,0,CR,0,normal
EV0767,sopo08,soporte_de_equipos,14.62,72.4,6,0,CR,0,normal
EV0246,cont04,contabilidad,9.82,31.8,4,0,CR,0,normal
EV1081,vent06,ventas_campo,19.97,33.4,7,1,NI,0,normal
EV1726,ti_i02,ti_infraestructura,4.54,283.0,22,1,CR,0,normal
EV0146,cont10,contabilidad,10.77,37.8,5,0,CR,0,normal
EV0091,cont07,contabilidad,11.35,39.5,6,0,CR,0,normal
EV1417,lega04,legal,9.8,16.8,2,0,CR,0,normal
EV0683,sopo04,soporte_de_equipos,19.76,133.1,8,1,CR,0,normal
EV0311,cont11,contabilidad,11.25,36.1,1,0,CR,0,normal
EV1384,lega05,legal,10.56,3.9,3,0,CR,0,normal
EV0094,cont11,contabilidad,7.43,34.3,4,0,CR,0,normal
EV1559,lega06,legal,11.18,25.6,2,0,CR,0,normal
EV0925,sopo09,soporte_de_equipos,10.76,83.8,13,0,CR,0,normal
EV1676,ti_i02,ti_infraestructura,2.32,278.3,37,1,CR,0,normal
EV1036,vent03,ventas_campo,11.11,39.5,6,0,CR,0,normal
EV1401,lega07,legal,11.33,37.4,3,0,CR,0,normal
EV0244,cont08,contabilidad,9.24,43.1,7,0,CR,0,normal
EV1112,vent12,ventas_campo,14.91,86.5,6,0,PA,0,normal
EV0215,cont06,contabilidad,8.05,32.8,6,0,CR,0,normal
EV1970,svc_respaldo,ti_infraestructura,1.53,881.4,56,1,CR,0,respaldo_programado
EV1198,vent04,ventas_campo,13.78,57.0,8,0,GT,0,normal
EV0999,vent02,ventas_campo,18.91,68.5,4,0,CR,0,normal
EV0854,sopo03,soporte_de_equipos,19.92,92.3,8,1,CR,0,normal
EV0426,cont08,contabilidad,7.82,37.2,3,0,CR,0,normal
EV1752,ti_i01,ti_infraestructura,3.04,248.8,30,1,CR,0,normal
EV1143,vent06,ventas_campo,19.6,30.6,7,1,CR,0,normal
EV1144,vent03,ventas_campo,15.73,38.4,6,0,CR,0,normal
EV0227,cont11,contabilidad,9.46,40.8,5,0,CR,0,normal
EV1617,lega02,legal,8.93,22.2,3,0,CR,0,normal
EV0001,cont11,contabilidad,10.09,46.2,2,0,CR,0,normal
EV1419,lega02,legal,11.2,38.0,4,0,CR,0,normal
EV0402,cont05,contabilidad,12.06,36.5,2,0,CR,0,normal
EV1429,lega03,legal,11.78,9.2,1,0,CR,0,normal
EV1104,vent10,ventas_campo,13.78,35.1,9,0,CR,0,normal
EV0085,cont11,contabilidad,11.36,51.5,6,0,CR,0,normal
EV0163,cont09,contabilidad,10.06,23.0,2,0,CR,0,normal
EV0115,cont06,contabilidad,11.66,34.9,2,0,CR,0,normal
EV0671,sopo01,soporte_de_equipos,14.4,115.9,16,0,CR,0,normal
EV1175,vent09,ventas_campo,10.48,72.2,6,0,CR,0,normal
EV1519,lega04,legal,11.48,14.0,2,0,CR,0,normal
EV1509,lega04,legal,13.49,10.2,3,0,CR,0,normal
EV1393,lega04,legal,12.92,5.7,3,0,CR,0,normal
EV0890,sopo03,soporte_de_equipos,16.65,129.0,9,0,CR,0,normal
EV1502,lega01,legal,10.39,22.3,5,0,CR,0,normal
EV0626,sopo05,soporte_de_equipos,6.9,115.7,11,1,CR,0,normal
EV1948,ti_i02,ti_infraestructura,1.32,391.6,28,1,CR,0,normal
EV0953,vent09,ventas_campo,18.02,98.0,6,0,GT,0,normal
EV0808,sopo02,soporte_de_equipos,14.2,186.9,9,0,CR,0,normal
EV0259,cont06,contabilidad,11.17,31.0,6,0,CR,0,normal
EV0625,sopo08,soporte_de_equipos,10.21,108.3,8,0,CR,0,normal
EV0827,sopo09,soporte_de_equipos,22.19,91.5,8,1,CR,0,normal
EV0235,cont10,contabilidad,11.22,35.8,5,0,CR,0,normal
EV0136,cont13,contabilidad,11.95,29.4,4,0,CR,0,normal
EV0617,sopo09,soporte_de_equipos,12.83,43.3,11,0,CR,0,normal
EV1949,ti_i01,ti_infraestructura,3.21,196.3,25,1,CR,0,normal
EV0837,sopo02,soporte_de_equipos,18.29,100.0,8,0,CR,0,normal
EV0843,sopo03,soporte_de_equipos,12.25,100.7,11,0,CR,0,normal
EV0960,vent06,ventas_campo,16.21,93.7,6,0,NI,0,normal
EV0593,sopo02,soporte_de_equipos,14.67,135.2,12,0,CR,0,normal
EV1315,vent02,ventas_campo,15.19,60.2,6,0,CR,0,normal
EV1526,lega05,legal,12.02,27.8,3,0,CR,0,normal
EV1292,vent09,ventas_campo,17.91,57.9,7,0,CR,0,normal
EV0344,cont01,contabilidad,10.9,33.0,3,0,CR,0,normal
EV1993,svc_respaldo,ti_infraestructura,3.26,808.7,69,1,CR,0,respaldo_programado
EV1567,lega08,legal,10.72,36.4,3,0,CR,0,normal
EV0294,cont08,contabilidad,9.99,42.7,3,0,CR,0,normal
EV0365,cont04,contabilidad,7.06,30.8,2,0,CR,0,normal
EV0179,cont13,contabilidad,8.52,44.4,6,0,CR,0,normal
EV0660,sopo02,soporte_de_equipos,10.01,155.6,8,0,CR,0,normal
EV0997,vent08,ventas_campo,13.27,50.0,10,0,CR,0,normal
EV0015,cont09,contabilidad,10.57,38.6,5,0,CR,0,normal
EV1111,vent05,ventas_campo,18.51,67.6,1,0,CR,0,normal
EV1395,lega01,legal,12.34,20.5,3,0,CR,0,normal
EV0166,cont07,contabilidad,8.1,33.7,4,0,CR,0,normal
EV1869,ti_i01,ti_infraestructura,2.66,394.7,17,1,CR,0,normal
EV1360,lega03,legal,12.04,23.2,5,0,CR,0,normal
EV0060,cont04,contabilidad,9.53,39.4,4,0,CR,0,normal
EV0710,sopo09,soporte_de_equipos,15.0,169.6,13,0,CR,0,normal
EV0677,sopo05,soporte_de_equipos,0.0,115.9,8,1,CR,0,normal
EV1379,lega08,legal,9.47,30.5,3,0,CR,0,normal
EV0781,sopo03,soporte_de_equipos,23.9,97.8,9,1,CR,0,normal
EV0425,cont01,contabilidad,10.86,36.9,4,0,CR,0,normal
EV0293,cont03,contabilidad,10.85,42.0,5,0,CR,0,normal
EV1066,vent10,ventas_campo,16.16,25.3,5,0,GT,0,normal
EV1781,ti_i02,ti_infraestructura,4.82,209.8,25,1,CR,0,normal
EV0330,cont04,contabilidad,10.65,24.1,3,0,CR,0,normal
EV0430,cont11,contabilidad,8.81,24.1,6,0,CR,0,normal
EV1013,vent05,ventas_campo,18.07,37.8,5,0,CR,0,normal
EV0080,cont07,contabilidad,11.82,33.0,4,0,CR,0,normal
EV1053,vent12,ventas_campo,12.44,73.6,9,0,CR,0,normal
EV0938,sopo04,soporte_de_equipos,8.43,129.2,6,0,CR,0,normal
EV0835,sopo04,soporte_de_equipos,11.59,106.6,13,0,CR,0,normal
EV0750,sopo03,soporte_de_equipos,14.66,149.6,4,0,CR,0,normal
EV0891,sopo02,soporte_de_equipos,14.99,113.8,7,0,CR,0,normal
EV0255,cont12,contabilidad,10.13,21.1,5,0,CR,0,normal
EV1724,ti_i05,ti_infraestructura,5.01,313.3,26,1,CR,0,normal
EV1483,lega08,legal,14.49,21.6,3,0,CR,0,normal
EV1946,ti_i04,ti_infraestructura,3.68,259.4,23,1,CR,0,normal
EV1408,lega02,legal,11.71,23.2,1,0,CR,0,normal
EV1338,lega03,legal,9.03,15.5,2,0,CR,0,normal
EV1109,vent02,ventas_campo,9.73,78.8,4,0,CR,0,normal
EV0137,cont01,contabilidad,9.06,22.2,5,0,CR,0,normal
EV1136,vent05,ventas_campo,15.1,46.1,7,0,CR,0,normal
EV1219,vent06,ventas_campo,15.05,78.9,6,0,PA,0,normal
EV0853,sopo04,soporte_de_equipos,13.08,109.0,15,0,CR,0,normal
EV1203,vent05,ventas_campo,15.74,72.2,8,0,PA,0,normal
EV0724,sopo02,soporte_de_equipos,19.15,166.4,12,1,CR,0,normal
EV0860,sopo10,soporte_de_equipos,14.31,111.6,9,0,CR,0,normal
EV0970,vent02,ventas_campo,18.23,51.7,5,0,CR,0,normal
EV0497,cont14,contabilidad,9.56,40.3,3,0,CR,0,normal
EV0951,vent07,ventas_campo,16.11,57.5,5,0,CR,0,normal
EV0806,sopo07,soporte_de_equipos,11.1,69.1,17,0,CR,0,normal
EV0130,cont03,contabilidad,10.86,32.4,5,0,CR,0,normal
EV0338,cont08,contabilidad,9.92,30.0,3,0,CR,0,normal
EV1984,svc_respaldo,ti_infraestructura,1.73,939.5,77,1,CR,0,respaldo_programado
EV0609,sopo10,soporte_de_equipos,8.02,106.8,13,0,CR,0,normal
EV1149,vent08,ventas_campo,17.99,62.4,7,0,CR,0,normal
EV0196,cont10,contabilidad,11.64,50.8,5,0,CR,0,normal
EV1251,vent11,ventas_campo,17.99,62.9,6,0,CR,0,normal
EV1293,vent04,ventas_campo,16.55,84.8,5,0,CR,0,normal
EV1965,svc_respaldo,ti_infraestructura,1.79,807.6,69,1,CR,0,respaldo_programado
EV0910,sopo04,soporte_de_equipos,23.64,97.5,13,1,CR,0,normal
EV0585,sopo11,soporte_de_equipos,10.1,74.2,15,0,CR,0,normal
EV0104,cont04,contabilidad,10.77,36.9,4,0,CR,0,normal
EV1839,ti_i06,ti_infraestructura,3.97,269.8,22,1,CR,0,normal
EV1857,ti_i04,ti_infraestructura,7.48,409.6,23,0,CR,0,normal
EV0720,sopo01,soporte_de_equipos,15.78,113.6,10,0,CR,0,normal
EV0885,sopo02,soporte_de_equipos,23.9,126.5,10,1,CR,0,normal
EV0777,sopo06,soporte_de_equipos,12.41,104.2,10,0,CR,0,normal
EV1570,lega02,legal,9.4,18.1,4,0,CR,0,normal
EV0850,sopo10,soporte_de_equipos,20.43,94.0,13,1,CR,0,normal
EV0895,sopo05,soporte_de_equipos,17.38,87.5,9,0,CR,0,normal
EV0228,cont07,contabilidad,11.49,55.1,2,0,CR,0,normal
EV1871,ti_i01,ti_infraestructura,0.01,363.2,24,1,CR,0,normal
EV1326,vent06,ventas_campo,12.7,51.2,8,0,CR,0,normal
EV1300,vent03,ventas_campo,16.6,71.8,6,0,PA,0,normal
EV0127,cont11,contabilidad,10.63,39.0,2,0,CR,0,normal
EV0406,cont14,contabilidad,8.91,50.9,5,0,CR,0,normal
EV0776,sopo07,soporte_de_equipos,15.9,72.4,8,0,CR,0,normal
EV0822,sopo06,soporte_de_equipos,15.69,89.0,12,0,CR,0,normal
EV0712,sopo01,soporte_de_equipos,14.96,112.3,11,0,CR,0,normal
EV1879,ti_i06,ti_infraestructura,4.13,334.3,19,1,CR,0,normal
EV1061,vent06,ventas_campo,19.23,74.1,3,1,CR,0,normal
EV1164,vent06,ventas_campo,13.72,64.7,4,0,GT,0,normal
EV0304,cont07,contabilidad,7.56,51.0,4,0,CR,0,normal
EV0268,cont06,contabilidad,9.39,46.2,2,0,CR,0,normal
EV1558,lega05,legal,12.64,14.8,2,0,CR,0,normal
EV0546,sopo04,soporte_de_equipos,11.07,143.4,14,0,CR,0,normal
EV0213,cont12,contabilidad,11.66,33.4,8,0,CR,0,normal
EV0897,sopo08,soporte_de_equipos,13.49,129.4,7,0,CR,0,normal
EV1493,lega04,legal,9.48,12.3,4,0,CR,0,normal
EV1223,vent04,ventas_campo,15.61,50.8,9,0,CR,0,normal
EV0917,sopo10,soporte_de_equipos,17.49,77.2,9,0,CR,0,normal
EV1552,lega01,legal,11.61,17.3,2,0,CR,0,normal
EV0676,sopo08,soporte_de_equipos,17.75,95.0,6,0,CR,0,normal
EV1290,vent02,ventas_campo,14.43,53.1,4,0,NI,0,normal
EV0815,sopo04,soporte_de_equipos,16.61,144.4,10,0,CR,0,normal
EV1266,vent10,ventas_campo,13.95,72.6,5,0,CR,0,normal
EV0343,cont05,contabilidad,7.97,34.0,3,0,CR,0,normal
EV0550,sopo06,soporte_de_equipos,14.99,92.4,3,0,CR,0,normal
EV1411,lega04,legal,13.64,34.3,2,0,CR,0,normal
EV1215,vent02,ventas_campo,16.47,51.9,5,0,PA,0,normal
EV0967,vent05,ventas_campo,20.74,81.2,7,1,GT,0,normal
EV1231,vent11,ventas_campo,12.75,42.3,6,0,CR,0,normal
EV0296,cont05,contabilidad,6.38,54.3,4,1,CR,0,normal
EV0696,sopo10,soporte_de_equipos,21.63,113.2,12,1,CR,0,normal
EV1453,lega05,legal,11.07,17.8,3,0,CR,0,normal
EV0074,cont02,contabilidad,9.68,22.4,5,0,CR,0,normal
EV0606,sopo07,soporte_de_equipos,19.23,151.0,15,1,CR,0,normal
EV0105,cont13,contabilidad,8.01,23.8,4,0,CR,0,normal
EV0646,sopo10,soporte_de_equipos,19.91,118.3,9,1,CR,0,normal
EV1405,lega02,legal,10.37,13.5,4,0,CR,0,normal
EV1953,ti_i05,ti_infraestructura,0.21,246.1,33,1,CR,0,normal
EV1041,vent11,ventas_campo,14.29,64.2,5,0,CR,0,normal
EV0440,cont09,contabilidad,7.3,61.7,5,0,CR,0,normal
EV1020,vent03,ventas_campo,17.76,66.7,6,0,GT,0,normal
EV0092,cont09,contabilidad,10.07,27.3,4,0,CR,0,normal
EV1113,vent12,ventas_campo,14.71,61.9,7,0,NI,0,normal
EV1747,ti_i04,ti_infraestructura,4.47,156.3,25,1,CR,0,normal
EV0909,sopo01,soporte_de_equipos,16.32,59.6,12,0,CR,0,normal
EV1475,lega01,legal,11.21,16.6,2,0,CR,0,normal
EV0103,cont13,contabilidad,13.33,40.3,3,0,CR,0,normal
EV0239,cont03,contabilidad,8.72,25.8,2,0,CR,0,normal
EV1809,ti_i05,ti_infraestructura,4.75,332.5,30,1,CR,0,normal
EV0943,sopo04,soporte_de_equipos,21.11,148.8,14,1,CR,0,normal
EV1271,vent01,ventas_campo,19.13,102.3,5,1,CR,0,normal
EV0939,sopo08,soporte_de_equipos,8.45,160.9,7,0,CR,0,normal
EV1685,ti_i03,ti_infraestructura,3.93,275.6,25,1,CR,0,normal
EV1182,vent03,ventas_campo,17.18,44.3,1,0,CR,0,normal
EV1504,lega08,legal,9.42,10.7,4,0,CR,0,normal
EV0006,cont07,contabilidad,9.4,28.3,5,0,CR,0,normal
EV1807,ti_i02,ti_infraestructura,4.85,374.4,25,1,CR,0,normal
EV0966,vent12,ventas_campo,16.78,34.7,7,0,GT,0,normal
EV0019,cont11,contabilidad,9.45,23.4,6,0,CR,0,normal
EV1431,lega01,legal,12.74,21.8,2,0,CR,0,normal
EV0122,cont06,contabilidad,7.13,42.5,3,0,CR,0,normal
EV0662,sopo08,soporte_de_equipos,12.1,140.6,18,0,CR,0,normal
EV1675,ti_i03,ti_infraestructura,1.43,63.8,17,1,CR,0,normal
EV0275,cont04,contabilidad,11.65,34.3,6,0,CR,0,normal
EV0434,cont12,contabilidad,11.4,30.4,5,0,CR,0,normal
EV0812,sopo05,soporte_de_equipos,6.25,178.6,12,1,CR,0,normal
EV1301,vent01,ventas_campo,19.01,33.7,5,1,CR,0,normal
EV1336,lega03,legal,12.19,20.8,3,0,CR,0,normal
EV1858,ti_i01,ti_infraestructura,2.15,340.8,25,1,CR,0,normal
EV1881,ti_i06,ti_infraestructura,1.57,362.1,34,1,CR,0,normal
EV1571,lega06,legal,10.68,1.4,2,0,CR,0,normal
EV0182,cont14,contabilidad,10.92,37.6,4,0,CR,0,normal
EV0185,cont10,contabilidad,7.37,47.9,4,0,CR,0,normal
EV0407,cont10,contabilidad,11.86,21.9,1,0,CR,0,normal
EV0866,sopo07,soporte_de_equipos,7.79,124.4,11,0,CR,0,normal
EV1631,lega06,legal,8.85,20.8,3,0,CR,0,normal
EV0521,sopo06,soporte_de_equipos,14.81,43.4,11,0,CR,0,normal
EV1004,vent07,ventas_campo,18.63,72.8,9,0,CR,0,normal
EV0381,cont07,contabilidad,10.1,28.3,9,0,CR,0,normal
EV1435,lega01,legal,9.68,27.8,3,0,CR,0,normal
EV1659,lega08,legal,9.87,24.9,4,0,CR,0,normal
EV1394,lega02,legal,10.43,24.9,3,0,CR,0,normal
EV1425,lega03,legal,11.99,35.1,3,0,CR,0,normal
EV1613,lega04,legal,10.89,13.3,3,0,CR,0,normal
EV0428,cont13,contabilidad,9.93,24.0,4,0,CR,0,normal
EV0079,cont04,contabilidad,8.7,27.4,2,0,CR,0,normal
EV1598,lega01,legal,13.3,25.1,3,0,CR,0,normal
EV1010,vent08,ventas_campo,13.88,52.3,5,0,NI,0,normal
EV1961,ti_i05,ti_infraestructura,0.73,285.0,24,1,CR,0,normal
EV1662,ti_i03,ti_infraestructura,3.88,331.9,25,1,CR,0,normal
EV0608,sopo10,soporte_de_equipos,15.98,118.6,10,0,CR,0,normal
EV1775,ti_i02,ti_infraestructura,0.1,349.4,17,1,CR,0,normal
EV1981,svc_respaldo,ti_infraestructura,1.6,936.6,60,1,CR,0,respaldo_programado
EV1814,ti_i06,ti_infraestructura,5.6,385.5,15,1,CR,0,normal
EV1058,vent12,ventas_campo,14.71,69.6,3,0,CR,0,normal
EV1441,lega04,legal,9.05,15.6,3,0,CR,0,normal
EV1515,lega08,legal,12.16,18.0,5,0,CR,0,normal
EV1586,lega07,legal,13.39,16.8,4,0,CR,0,normal
EV1092,vent07,ventas_campo,19.45,25.3,5,1,CR,0,normal
EV1561,lega01,legal,10.2,24.8,2,0,CR,0,normal
EV1102,vent03,ventas_campo,18.34,46.3,8,0,CR,0,normal
EV1130,vent03,ventas_campo,16.43,62.6,9,0,CR,0,normal
EV1236,vent02,ventas_campo,15.09,86.5,5,0,PA,0,normal
EV1757,ti_i06,ti_infraestructura,0.19,326.4,26,1,CR,0,normal
EV0959,vent11,ventas_campo,17.09,26.2,9,0,CR,0,normal
EV1663,ti_i01,ti_infraestructura,3.01,291.4,29,1,CR,0,normal
EV0560,sopo04,soporte_de_equipos,16.59,112.2,8,0,CR,0,normal
EV0847,sopo06,soporte_de_equipos,13.63,132.5,11,0,CR,0,normal
EV0691,sopo11,soporte_de_equipos,10.28,174.4,15,0,CR,0,normal
EV1520,lega08,legal,12.13,19.8,2,0,CR,0,normal
EV1928,ti_i01,ti_infraestructura,2.64,372.9,26,1,CR,0,normal
EV1856,ti_i01,ti_infraestructura,4.24,294.8,28,1,CR,0,normal
EV0437,cont10,contabilidad,9.86,32.1,4,0,CR,0,normal
EV0491,cont07,contabilidad,8.51,51.0,4,0,CR,0,normal
EV1986,svc_respaldo,ti_infraestructura,3.34,867.2,64,1,CR,0,respaldo_programado
EV1829,ti_i03,ti_infraestructura,0.0,407.7,15,1,CR,0,normal
EV1630,lega05,legal,9.51,20.6,3,0,CR,0,normal
EV1388,lega06,legal,10.97,21.3,2,0,CR,0,normal
EV0070,cont09,contabilidad,9.11,34.7,3,0,CR,0,normal
EV1573,lega02,legal,10.61,6.1,3,0,CR,0,normal
EV0809,sopo03,soporte_de_equipos,5.02,60.1,11,1,CR,0,normal
EV1185,vent10,ventas_campo,14.52,39.3,6,0,CR,0,normal
EV0012,cont13,contabilidad,8.41,45.4,6,0,CR,0,normal
EV0145,cont02,contabilidad,11.76,22.8,3,0,CR,0,normal
EV0918,sopo04,soporte_de_equipos,10.49,126.7,13,0,CR,0,normal
EV1542,lega03,legal,10.3,16.6,3,0,CR,0,normal
EV1452,lega08,legal,12.7,9.8,4,0,CR,0,normal
EV0640,sopo03,soporte_de_equipos,15.09,154.8,10,0,CR,0,normal
EV0177,cont05,contabilidad,10.73,37.5,5,0,CR,0,normal
EV0995,vent11,ventas_campo,12.88,69.3,7,0,NI,0,normal
EV0441,cont05,contabilidad,10.11,36.0,2,0,CR,0,normal
EV0522,sopo03,soporte_de_equipos,17.74,131.3,14,0,CR,0,normal
EV1969,svc_respaldo,ti_infraestructura,2.46,989.0,62,1,CR,0,respaldo_programado
EV1932,ti_i01,ti_infraestructura,2.88,332.9,28,1,CR,0,normal
EV1713,ti_i02,ti_infraestructura,2.58,160.5,24,1,CR,0,normal
EV1005,vent01,ventas_campo,14.82,58.2,10,0,GT,0,normal
EV1256,vent05,ventas_campo,15.77,45.1,6,0,GT,0,normal
EV1235,vent04,ventas_campo,18.5,75.2,7,0,PA,0,normal
EV1665,ti_i04,ti_infraestructura,3.87,363.5,22,1,CR,0,normal
EV0144,cont10,contabilidad,11.28,36.9,5,0,CR,0,normal
EV0754,sopo03,soporte_de_equipos,14.32,120.4,16,0,CR,0,normal
EV0520,cont03,contabilidad,11.11,29.7,1,0,CR,0,normal
EV1992,svc_respaldo,ti_infraestructura,2.19,719.0,70,1,CR,0,respaldo_programado
EV1323,vent05,ventas_campo,13.65,52.7,5,0,NI,0,normal
EV0823,sopo11,soporte_de_equipos,12.17,127.5,10,0,CR,0,normal
EV0429,cont09,contabilidad,8.74,24.9,5,0,CR,0,normal
EV0613,sopo02,soporte_de_equipos,21.86,122.5,15,1,CR,0,normal
EV1506,lega08,legal,11.37,10.8,2,0,CR,0,normal
EV1033,vent11,ventas_campo,12.67,82.7,4,0,CR,0,normal
EV0157,cont14,contabilidad,9.31,22.5,4,0,CR,0,normal
EV0540,sopo05,soporte_de_equipos,12.08,94.9,18,0,CR,0,normal
EV1531,lega02,legal,9.75,12.3,2,0,CR,0,normal
EV1461,lega02,legal,12.05,4.3,2,0,CR,0,normal
EV1291,vent01,ventas_campo,18.04,89.5,7,0,CR,0,normal
EV0462,cont10,contabilidad,9.62,40.7,5,0,CR,0,normal
EV0577,sopo08,soporte_de_equipos,18.62,71.5,14,0,CR,0,normal
EV1363,lega08,legal,13.82,18.0,4,0,CR,0,normal
EV0256,cont04,contabilidad,9.41,22.9,5,0,CR,0,normal
EV0980,vent08,ventas_campo,17.93,69.7,5,0,NI,0,normal
EV1186,vent05,ventas_campo,10.17,34.1,7,0,CR,0,normal
EV1007,vent01,ventas_campo,12.97,74.8,9,0,CR,0,normal
EV1522,lega03,legal,12.35,27.8,3,0,CR,0,normal
EV1690,ti_i06,ti_infraestructura,3.8,279.5,20,1,CR,0,normal
EV0561,sopo07,soporte_de_equipos,13.38,121.3,9,0,CR,0,normal
EV0209,cont05,contabilidad,9.27,41.5,6,0,CR,0,normal
EV0911,sopo03,soporte_de_equipos,18.69,109.1,11,0,CR,0,normal
EV1312,vent12,ventas_campo,18.75,18.8,7,0,CR,0,normal
EV0002,cont01,contabilidad,10.47,40.7,4,0,CR,0,normal
EV1366,lega03,legal,10.35,19.2,3,0,CR,0,normal
EV0270,cont11,contabilidad,11.77,42.1,6,0,CR,0,normal
EV0266,cont05,contabilidad,8.26,35.4,2,0,CR,0,normal
EV0915,sopo02,soporte_de_equipos,15.64,117.9,14,0,CR,0,normal
EV0231,cont10,contabilidad,9.66,35.1,4,0,CR,0,normal
EV1964,ti_i03,ti_infraestructura,2.49,351.5,21,1,CR,0,normal
EV1120,vent04,ventas_campo,10.91,41.4,4,0,CR,0,normal
EV1959,ti_i03,ti_infraestructura,0.0,367.2,35,1,CR,0,normal
EV0865,sopo09,soporte_de_equipos,12.22,74.3,14,0,CR,0,normal
EV1067,vent12,ventas_campo,11.04,49.9,6,0,CR,0,normal
EV0874,sopo06,soporte_de_equipos,7.6,105.0,12,0,CR,0,normal
EV1786,ti_i02,ti_infraestructura,5.22,390.6,22,1,CR,0,normal
EV0399,cont04,contabilidad,10.16,35.5,2,0,CR,0,normal
EV1817,ti_i05,ti_infraestructura,2.91,293.1,30,1,CR,0,normal
EV1653,lega03,legal,11.57,24.0,4,0,CR,0,normal
EV0046,cont12,contabilidad,10.09,51.2,3,0,CR,0,normal
EV0162,cont04,contabilidad,8.85,32.5,4,0,CR,0,normal
EV0992,vent12,ventas_campo,14.93,35.8,8,0,CR,0,normal
EV0728,sopo07,soporte_de_equipos,7.28,143.3,8,0,CR,0,normal
EV0630,sopo10,soporte_de_equipos,13.91,124.0,9,0,CR,0,normal
EV0289,cont03,contabilidad,11.45,26.9,4,0,CR,0,normal
EV1614,lega05,legal,10.82,11.2,2,0,CR,0,normal
EV1060,vent04,ventas_campo,11.14,57.8,11,0,CR,0,normal
EV1943,ti_i03,ti_infraestructura,5.53,285.6,26,1,CR,0,normal
EV0576,sopo08,soporte_de_equipos,11.37,87.4,10,0,CR,0,normal
EV0851,sopo01,soporte_de_equipos,17.41,177.3,16,0,CR,0,normal
EV1340,lega07,legal,8.97,28.4,2,0,CR,0,normal
EV0912,sopo11,soporte_de_equipos,11.77,145.0,8,0,CR,0,normal
EV1255,vent10,ventas_campo,9.09,71.1,5,0,CR,0,normal
EV1723,ti_i05,ti_infraestructura,2.95,369.3,22,1,CR,0,normal
EV1810,ti_i04,ti_infraestructura,0.0,130.0,22,1,CR,0,normal
EV1736,ti_i05,ti_infraestructura,5.92,201.3,27,1,CR,0,normal
EV0933,sopo11,soporte_de_equipos,10.37,79.5,15,0,CR,0,normal
EV1101,vent12,ventas_campo,15.18,32.7,3,0,CR,0,normal
EV1658,lega02,legal,11.24,22.2,3,0,CR,0,normal
EV1208,vent04,ventas_campo,14.08,49.8,8,0,CR,0,normal
EV0248,cont10,contabilidad,10.35,27.7,7,0,CR,0,normal
EV0477,cont07,contabilidad,11.98,26.1,3,0,CR,0,normal
EV1695,ti_i06,ti_infraestructura,1.0,284.6,27,1,CR,0,normal
EV0086,cont04,contabilidad,11.61,42.6,2,0,CR,0,normal
EV0470,cont10,contabilidad,9.91,46.1,2,0,CR,0,normal
EV0226,cont11,contabilidad,9.62,43.6,4,0,CR,0,normal
EV0775,sopo06,soporte_de_equipos,17.12,119.4,12,0,CR,0,normal
EV0332,cont11,contabilidad,9.73,30.6,6,0,CR,0,normal
EV0234,cont09,contabilidad,10.93,57.5,2,0,CR,0,normal
EV0589,sopo01,soporte_de_equipos,21.01,132.2,18,1,CR,0,normal
EV0476,cont12,contabilidad,10.34,37.5,2,0,CR,0,normal
EV1285,vent03,ventas_campo,18.1,43.4,7,0,CR,0,normal
EV1859,ti_i04,ti_infraestructura,3.79,273.7,30,1,CR,0,normal
EV0600,sopo11,soporte_de_equipos,16.99,38.9,16,0,CR,0,normal
EV0422,cont03,contabilidad,9.16,53.5,3,0,CR,0,normal
EV1712,ti_i04,ti_infraestructura,2.74,421.6,22,1,CR,0,normal
EV0183,cont09,contabilidad,10.41,35.5,6,0,CR,0,normal
EV0989,vent11,ventas_campo,14.81,52.1,9,0,CR,0,normal
EV1001,vent08,ventas_campo,18.56,71.4,4,0,NI,0,normal
EV1642,lega02,legal,9.02,23.4,3,0,CR,0,normal
EV1357,lega07,legal,9.47,6.2,2,0,CR,0,normal
EV1463,lega05,legal,9.2,26.0,5,0,CR,0,normal
EV0050,cont11,contabilidad,11.9,18.1,4,0,CR,0,normal
EV1908,ti_i05,ti_infraestructura,1.79,298.0,21,1,CR,0,normal
EV1030,vent09,ventas_campo,15.93,85.9,7,0,CR,0,normal
EV0530,sopo11,soporte_de_equipos,11.54,142.5,19,0,CR,0,normal
EV1259,vent08,ventas_campo,15.16,56.5,5,0,CR,0,normal
EV0487,cont06,contabilidad,9.69,51.6,3,0,CR,0,normal
EV1941,ti_i01,ti_infraestructura,1.49,360.1,21,1,CR,0,normal
EV0498,cont01,contabilidad,10.24,47.4,3,0,CR,0,normal
EV1647,lega07,legal,12.73,32.3,3,0,CR,0,normal
EV0107,cont06,contabilidad,9.82,24.4,5,0,CR,0,normal
EV0444,cont04,contabilidad,8.14,21.1,6,0,CR,0,normal
EV1513,lega02,legal,9.63,24.0,3,0,CR,0,normal
EV0647,sopo09,soporte_de_equipos,18.37,174.2,16,0,CR,0,normal
EV1037,vent02,ventas_campo,15.78,41.3,4,0,CR,0,normal
EV1763,ti_i03,ti_infraestructura,0.42,392.7,23,1,CR,0,normal
EV0727,sopo04,soporte_de_equipos,10.6,179.3,14,0,CR,0,normal
EV0191,cont04,contabilidad,8.64,45.7,6,0,CR,0,normal
EV1789,ti_i02,ti_infraestructura,4.23,246.6,20,1,CR,0,normal
EV0283,cont11,contabilidad,9.74,30.1,4,0,CR,0,normal
EV0030,cont01,contabilidad,8.02,30.7,4,0,CR,0,normal
EV0170,cont11,contabilidad,7.24,45.1,6,0,CR,0,normal
EV1002,vent05,ventas_campo,13.66,47.8,6,0,CR,0,normal
EV1205,vent01,ventas_campo,19.39,52.1,5,1,NI,0,normal
EV0101,cont11,contabilidad,9.93,27.7,4,0,CR,0,normal
EV0198,cont05,contabilidad,9.44,22.7,6,0,CR,0,normal
EV0496,cont06,contabilidad,10.77,33.3,4,0,CR,0,normal
EV1746,ti_i02,ti_infraestructura,0.0,235.2,30,1,CR,0,normal
EV0648,sopo02,soporte_de_equipos,19.69,125.8,10,1,CR,0,normal
EV0988,vent07,ventas_campo,15.05,57.7,6,0,GT,0,normal
EV0045,cont10,contabilidad,8.23,21.8,5,0,CR,0,normal
EV1925,ti_i06,ti_infraestructura,2.77,333.3,29,1,CR,0,normal
EV0711,sopo05,soporte_de_equipos,12.39,100.7,15,0,CR,0,normal
EV0374,cont02,contabilidad,8.46,26.3,3,0,CR,0,normal
EV0679,sopo06,soporte_de_equipos,7.84,125.7,12,0,CR,0,normal
EV0567,sopo07,soporte_de_equipos,10.31,81.4,12,0,CR,0,normal
EV1673,ti_i06,ti_infraestructura,2.79,221.7,28,1,CR,0,normal
EV1822,ti_i01,ti_infraestructura,0.0,292.9,27,1,CR,0,normal
EV0848,sopo04,soporte_de_equipos,16.93,152.8,14,0,CR,0,normal
EV0461,cont11,contabilidad,9.09,40.3,8,0,CR,0,normal
EV1438,lega02,legal,12.59,14.9,4,0,CR,0,normal
EV1156,vent01,ventas_campo,16.9,58.0,5,0,PA,0,normal
EV0040,cont06,contabilidad,7.66,32.9,5,0,CR,0,normal
EV0435,cont07,contabilidad,10.55,12.9,2,0,CR,0,normal
EV0974,vent11,ventas_campo,10.36,59.1,3,0,CR,0,normal
EV1240,vent04,ventas_campo,10.72,63.7,9,0,NI,0,normal
EV1008,vent02,ventas_campo,13.55,74.6,8,0,CR,0,normal
EV1580,lega01,legal,10.83,32.9,4,0,CR,0,normal
EV1591,lega01,legal,13.1,19.9,3,0,CR,0,normal
EV1787,ti_i02,ti_infraestructura,3.94,264.2,25,1,CR,0,normal
EV1499,lega08,legal,11.33,13.2,3,0,CR,0,normal
EV0457,cont09,contabilidad,11.56,41.2,3,0,CR,0,normal
EV1836,ti_i03,ti_infraestructura,3.9,364.4,20,1,CR,0,normal
EV0261,cont10,contabilidad,10.23,45.4,7,0,CR,0,normal
EV1841,ti_i06,ti_infraestructura,4.91,335.8,27,1,CR,0,normal
EV0036,cont07,contabilidad,9.38,44.4,1,0,CR,0,normal
EV0828,sopo08,soporte_de_equipos,13.27,140.1,9,0,CR,0,normal
EV0310,cont10,contabilidad,7.84,38.9,4,0,CR,0,normal
EV0277,cont08,contabilidad,11.22,43.3,5,0,CR,0,normal
EV0637,sopo05,soporte_de_equipos,13.57,123.3,12,0,CR,0,normal
EV0655,sopo03,soporte_de_equipos,9.47,104.0,17,0,CR,0,normal
EV0623,sopo08,soporte_de_equipos,14.63,81.7,15,0,CR,0,normal
EV1860,ti_i03,ti_infraestructura,2.76,295.1,22,1,CR,0,normal
EV0845,sopo02,soporte_de_equipos,12.38,150.1,9,0,CR,0,normal
EV0394,cont10,contabilidad,7.95,34.7,4,0,CR,0,normal
EV1770,ti_i03,ti_infraestructura,1.06,193.6,24,1,CR,0,normal
EV0108,cont02,contabilidad,8.24,36.1,4,0,CR,0,normal
EV0350,cont06,contabilidad,10.1,32.3,5,0,CR,0,normal
EV0525,sopo05,soporte_de_equipos,17.93,103.6,13,0,CR,0,normal
EV0785,sopo06,soporte_de_equipos,23.9,117.0,15,1,CR,0,normal
EV0048,cont08,contabilidad,10.67,43.9,5,0,CR,0,normal
EV0204,cont08,contabilidad,10.51,35.1,6,0,CR,0,normal
EV1996,lega02,legal,5.6,185.0,29,1,RU,1,incidente_confirmado
EV1656,lega08,legal,12.04,23.3,3,0,CR,0,normal
EV0022,cont03,contabilidad,8.32,42.6,3,0,CR,0,normal
EV0403,cont12,contabilidad,8.61,23.4,5,0,CR,0,normal
EV1108,vent01,ventas_campo,15.14,50.5,8,0,PA,0,normal
EV1155,vent06,ventas_campo,16.08,91.7,6,0,CR,0,normal
EV1440,lega03,legal,9.34,14.7,2,0,CR,0,normal
EV0990,vent05,ventas_campo,16.4,70.6,9,0,CR,0,normal
EV1866,ti_i03,ti_infraestructura,4.21,350.8,26,1,CR,0,normal
EV0742,sopo01,soporte_de_equipos,16.76,83.9,7,0,CR,0,normal
EV1722,ti_i05,ti_infraestructura,2.07,178.3,18,1,CR,0,normal
EV1311,vent09,ventas_campo,15.55,63.7,4,0,CR,0,normal
EV1148,vent03,ventas_campo,9.62,51.1,5,0,CR,0,normal
EV0034,cont09,contabilidad,9.81,19.9,4,0,CR,0,normal
EV0788,sopo03,soporte_de_equipos,18.5,120.7,17,0,CR,0,normal
EV1541,lega02,legal,11.18,13.9,4,0,CR,0,normal
EV0924,sopo05,soporte_de_equipos,17.14,114.5,9,0,CR,0,normal
EV1044,vent01,ventas_campo,12.59,116.8,7,0,PA,0,normal
EV1922,ti_i06,ti_infraestructura,2.69,382.1,22,1,CR,0,normal
EV1244,vent06,ventas_campo,12.71,49.7,7,0,CR,0,normal
EV1916,ti_i03,ti_infraestructura,1.1,289.3,22,1,CR,0,normal
EV0580,sopo04,soporte_de_equipos,10.87,122.5,12,0,CR,0,normal
EV0482,cont04,contabilidad,9.33,34.2,5,0,CR,0,normal
EV0932,sopo03,soporte_de_equipos,15.24,73.6,14,0,CR,0,normal
EV0357,cont07,contabilidad,8.96,34.7,4,0,CR,0,normal
EV1686,ti_i03,ti_infraestructura,0.94,230.1,28,1,CR,0,normal
EV1249,vent09,ventas_campo,15.37,90.7,6,0,CR,0,normal
EV0760,sopo10,soporte_de_equipos,14.06,108.2,10,0,CR,0,normal
EV0093,cont11,contabilidad,9.82,30.6,4,0,CR,0,normal
EV1176,vent02,ventas_campo,15.3,61.7,5,0,CR,0,normal
EV1416,lega08,legal,11.78,10.7,3,0,CR,0,normal
EV1342,lega06,legal,12.12,22.5,5,0,CR,0,normal
EV1473,lega07,legal,11.43,23.5,2,0,CR,0,normal
EV0804,sopo11,soporte_de_equipos,20.5,169.5,9,1,CR,0,normal
EV0746,sopo10,soporte_de_equipos,9.94,127.3,14,0,CR,0,normal
EV1547,lega06,legal,10.5,24.7,3,0,CR,0,normal
EV0280,cont11,contabilidad,7.91,40.8,3,0,CR,0,normal
EV1608,lega04,legal,12.85,18.1,3,0,CR,0,normal
EV0765,sopo03,soporte_de_equipos,14.68,88.9,15,0,CR,0,normal
EV0605,sopo11,soporte_de_equipos,21.4,114.0,12,1,CR,0,normal
EV1977,svc_respaldo,ti_infraestructura,1.36,812.7,73,1,CR,0,respaldo_programado
EV1374,lega05,legal,9.54,18.4,3,0,CR,0,normal
EV1399,lega05,legal,10.67,24.0,3,0,CR,0,normal
EV0401,cont01,contabilidad,10.97,23.1,5,0,CR,0,normal
EV1729,ti_i06,ti_infraestructura,3.4,262.2,30,1,CR,0,normal
EV0258,cont05,contabilidad,7.58,11.7,3,0,CR,0,normal
EV0945,sopo03,soporte_de_equipos,14.47,69.7,11,0,CR,0,normal
EV1876,ti_i05,ti_infraestructura,1.66,338.0,21,1,CR,0,normal
EV1097,vent04,ventas_campo,12.99,59.0,8,0,CR,0,normal
EV1220,vent04,ventas_campo,15.17,76.7,7,0,GT,0,normal
EV1508,lega07,legal,11.09,17.6,3,0,CR,0,normal
EV1880,ti_i04,ti_infraestructura,6.18,277.1,29,1,CR,0,normal
EV1162,vent05,ventas_campo,19.05,67.4,8,1,PA,0,normal
EV0495,cont13,contabilidad,11.74,39.8,4,0,CR,0,normal
EV0773,sopo04,soporte_de_equipos,13.17,120.5,9,0,CR,0,normal
EV0551,sopo02,soporte_de_equipos,17.26,145.0,8,0,CR,0,normal
EV1487,lega03,legal,11.46,14.7,4,0,CR,0,normal
EV0202,cont08,contabilidad,8.27,20.6,6,0,CR,0,normal
EV0313,cont08,contabilidad,10.42,13.9,6,0,CR,0,normal
EV0291,cont11,contabilidad,10.91,21.3,5,0,CR,0,normal
EV1214,vent09,ventas_campo,13.51,28.8,9,0,CR,0,normal
EV0764,sopo08,soporte_de_equipos,9.54,93.5,13,0,CR,0,normal
EV1137,vent11,ventas_campo,20.3,42.0,9,1,PA,0,normal
EV0950,sopo04,soporte_de_equipos,14.59,180.0,14,0,CR,0,normal
EV0184,cont04,contabilidad,10.27,26.0,2,0,CR,0,normal
EV1177,vent02,ventas_campo,17.6,85.3,7,0,CR,0,normal
EV1849,ti_i01,ti_infraestructura,8.22,290.4,21,0,CR,0,normal
EV1350,lega01,legal,11.06,23.6,3,0,CR,0,normal
EV1728,ti_i05,ti_infraestructura,0.0,229.4,26,1,CR,0,normal
EV1069,vent03,ventas_campo,17.45,86.2,8,0,CR,0,normal
EV1469,lega01,legal,9.29,10.0,3,0,CR,0,normal
EV1812,ti_i01,ti_infraestructura,3.76,316.3,21,1,CR,0,normal
EV1031,vent04,ventas_campo,16.97,36.1,5,0,CR,0,normal
EV0251,cont14,contabilidad,10.44,37.2,5,0,CR,0,normal
EV0824,sopo03,soporte_de_equipos,14.36,73.5,11,0,CR,0,normal
EV1100,vent01,ventas_campo,13.39,71.8,9,0,CR,0,normal
EV1537,lega05,legal,12.4,13.0,3,0,CR,0,normal
EV0941,sopo07,soporte_de_equipos,7.67,95.3,12,0,CR,0,normal
EV0392,cont12,contabilidad,10.95,24.4,4,0,CR,0,normal
EV1920,ti_i01,ti_infraestructura,4.64,339.2,23,1,CR,0,normal
EV1457,lega08,legal,12.0,31.4,5,0,CR,0,normal
EV1093,vent06,ventas_campo,12.58,86.0,7,0,CR,0,normal
EV1192,vent05,ventas_campo,13.1,75.9,5,0,CR,0,normal
EV0905,sopo07,soporte_de_equipos,10.84,73.2,16,0,CR,0,normal
EV0731,sopo07,soporte_de_equipos,12.03,148.7,11,0,CR,0,normal
EV0555,sopo02,soporte_de_equipos,14.98,136.3,10,0,CR,0,normal
EV0367,cont10,contabilidad,6.79,34.8,4,1,CR,0,normal
EV0346,cont04,contabilidad,11.79,33.1,5,0,CR,0,normal
EV1609,lega01,legal,15.38,11.0,4,0,CR,0,normal
EV0536,sopo02,soporte_de_equipos,14.56,131.8,16,0,CR,0,normal
EV1423,lega08,legal,9.99,25.6,4,0,CR,0,normal
EV1210,vent12,ventas_campo,17.23,39.0,8,0,CR,0,normal
EV1373,lega08,legal,10.23,17.6,4,0,CR,0,normal
EV1640,lega06,legal,10.18,19.5,3,0,CR,0,normal
EV0920,sopo05,soporte_de_equipos,7.73,82.0,14,0,CR,0,normal
EV0212,cont04,contabilidad,8.84,48.9,4,0,CR,0,normal
EV1604,lega07,legal,10.52,30.7,2,0,CR,0,normal
EV0503,cont13,contabilidad,10.26,24.0,4,0,CR,0,normal
EV0538,sopo03,soporte_de_equipos,7.11,139.3,12,0,CR,0,normal
EV1221,vent01,ventas_campo,19.24,78.0,3,1,CR,0,normal
EV0176,cont05,contabilidad,7.15,46.2,4,0,CR,0,normal
